id,user_id,type,method,device_name,user_agent,ip_address,location,session_duration,created_at
d4b09db2-d392-43ef-ade8-e521a732494c,9a002ca6-ee3c-4ebb-953f-c602fdb3ecbd,login_success,password,Desktop,Mozilla/5.0 (Windows NT 10.0; Win64; x64; rv:142.0) Gecko/20100101 Firefox/142.0,172.31.73.2,,,Sun Aug 24 2025 16:16:03 GMT-0400 (Eastern Daylight Time)
ddd0dd0a-ecb8-4617-9fb0-d8384473e3e7,9a002ca6-ee3c-4ebb-953f-c602fdb3ecbd,login_success,password,Desktop,Mozilla/5.0 (Windows NT 10.0; Win64; x64; rv:142.0) Gecko/20100101 Firefox/142.0,172.31.73.2,,,Sun Aug 24 2025 16:18:41 GMT-0400 (Eastern Daylight Time)
60ccd0c5-7cd7-42ab-9a59-6f358bc2fd9e,9a002ca6-ee3c-4ebb-953f-c602fdb3ecbd,login_success,password,Desktop,Mozilla/5.0 (Windows NT 10.0; Win64; x64; rv:142.0) Gecko/20100101 Firefox/142.0,172.31.73.2,,,Sun Aug 24 2025 16:22:02 GMT-0400 (Eastern Daylight Time)
1d1c3d5c-b431-4dcf-bb90-a293886c9fcf,9a002ca6-ee3c-4ebb-953f-c602fdb3ecbd,login_success,password,Desktop,Mozilla/5.0 (Windows NT 10.0; Win64; x64; rv:142.0) Gecko/20100101 Firefox/142.0,172.31.73.2,,,Sun Aug 24 2025 16:46:21 GMT-0400 (Eastern Daylight Time)
925d89f9-5fb0-4e05-919a-268e88f3c688,9a002ca6-ee3c-4ebb-953f-c602fdb3ecbd,login_failure,password,Mobile Device,"Mozilla/5.0 (Linux; Android 15; SM-S928U Build/AP3A.240905.015.A2; wv) AppleWebKit/537.36 (KHTML, like Gecko) Version/4.0 Chrome/139.0.7258.94 Mobile Safari/537.36",172.31.90.162,,,Mon Aug 25 2025 03:29:59 GMT-0400 (Eastern Daylight Time)
08d8ef15-a9b7-495a-b030-54a7fe2c4602,9a002ca6-ee3c-4ebb-953f-c602fdb3ecbd,login_success,password,Mobile Device,"Mozilla/5.0 (Linux; Android 15; SM-S928U Build/AP3A.240905.015.A2; wv) AppleWebKit/537.36 (KHTML, like Gecko) Version/4.0 Chrome/139.0.7258.94 Mobile Safari/537.36",172.31.90.162,,,Mon Aug 25 2025 03:30:07 GMT-0400 (Eastern Daylight Time)
3115057c-e75a-4135-bc60-f31d8eedb114,9a002ca6-ee3c-4ebb-953f-c602fdb3ecbd,login_success,password,Desktop,"Mozilla/5.0 (Windows NT 10.0; Win64; x64) AppleWebKit/537.36 (KHTML, like Gecko) Chrome/139.0.0.0 Safari/537.36",172.31.121.98,,,Mon Aug 25 2025 11:53:28 GMT-0400 (Eastern Daylight Time)
36501db8-c826-47a2-97ab-b156e850b3be,9a002ca6-ee3c-4ebb-953f-c602fdb3ecbd,login_success,password,Desktop,"Mozilla/5.0 (Windows NT 10.0; Win64; x64) AppleWebKit/537.36 (KHTML, like Gecko) Chrome/139.0.0.0 Safari/537.36",172.31.121.98,,,Mon Aug 25 2025 12:01:56 GMT-0400 (Eastern Daylight Time)
377e39bd-8d8c-4d74-9769-7f15bbd10ee0,9a002ca6-ee3c-4ebb-953f-c602fdb3ecbd,login_success,password,Desktop,"Mozilla/5.0 (Windows NT 10.0; Win64; x64) AppleWebKit/537.36 (KHTML, like Gecko) Chrome/139.0.0.0 Safari/537.36",172.31.121.98,,,Mon Aug 25 2025 12:06:00 GMT-0400 (Eastern Daylight Time)
8895a250-3497-4b38-a97b-63beb4bb483e,9a002ca6-ee3c-4ebb-953f-c602fdb3ecbd,login_failure,password,Desktop,curl/8.14.1,127.0.0.1,,,Mon Aug 25 2025 12:15:05 GMT-0400 (Eastern Daylight Time)
1bf1c4c4-f4e6-4d0d-a899-c54e91b7395b,9a002ca6-ee3c-4ebb-953f-c602fdb3ecbd,login_success,password,Desktop,"Mozilla/5.0 (Windows NT 10.0; Win64; x64) AppleWebKit/537.36 (KHTML, like Gecko) Chrome/139.0.0.0 Safari/537.36",172.31.121.98,,,Mon Aug 25 2025 12:16:01 GMT-0400 (Eastern Daylight Time)
86175b68-3c0f-41c5-85fb-7c82dab119d8,9a002ca6-ee3c-4ebb-953f-c602fdb3ecbd,login_success,password,Desktop,"Mozilla/5.0 (Windows NT 10.0; Win64; x64) AppleWebKit/537.36 (KHTML, like Gecko) Chrome/139.0.0.0 Safari/537.36",172.31.121.98,,,Mon Aug 25 2025 12:25:20 GMT-0400 (Eastern Daylight Time)
81f1ca05-e83f-4e7d-851a-6df66a1ce135,9a002ca6-ee3c-4ebb-953f-c602fdb3ecbd,login_success,password,Desktop,"Mozilla/5.0 (Windows NT 10.0; Win64; x64) AppleWebKit/537.36 (KHTML, like Gecko) Chrome/139.0.0.0 Safari/537.36",172.31.121.98,,,Mon Aug 25 2025 12:41:51 GMT-0400 (Eastern Daylight Time)
329e4b72-5c25-42f1-ad5e-e272bfff7438,9a002ca6-ee3c-4ebb-953f-c602fdb3ecbd,login_success,password,Desktop,Mozilla/5.0 (Windows NT 10.0; Win64; x64; rv:142.0) Gecko/20100101 Firefox/142.0,172.31.121.98,,,Mon Aug 25 2025 12:49:10 GMT-0400 (Eastern Daylight Time)
de928f12-6ca9-462c-941e-f09dea894a39,9a002ca6-ee3c-4ebb-953f-c602fdb3ecbd,login_success,password,Desktop,Mozilla/5.0 (Windows NT 10.0; Win64; x64; rv:142.0) Gecko/20100101 Firefox/142.0,172.31.121.98,,,Mon Aug 25 2025 12:51:23 GMT-0400 (Eastern Daylight Time)
3a1d627f-f931-4cbe-8420-8a46b0780ecd,9a002ca6-ee3c-4ebb-953f-c602fdb3ecbd,login_success,password,Desktop,"Mozilla/5.0 (Windows NT 10.0; Win64; x64) AppleWebKit/537.36 (KHTML, like Gecko) Chrome/139.0.0.0 Safari/537.36",172.31.121.98,,,Mon Aug 25 2025 13:10:15 GMT-0400 (Eastern Daylight Time)
347dc447-a875-48c6-a755-2c21fa38f512,9a002ca6-ee3c-4ebb-953f-c602fdb3ecbd,login_success,password,Desktop,"Mozilla/5.0 (Windows NT 10.0; Win64; x64) AppleWebKit/537.36 (KHTML, like Gecko) Chrome/139.0.0.0 Safari/537.36",172.31.121.98,,,Mon Aug 25 2025 13:27:01 GMT-0400 (Eastern Daylight Time)
dee38ec4-7bf8-4688-8877-4ab60b4722f4,9a002ca6-ee3c-4ebb-953f-c602fdb3ecbd,login_success,password,Desktop,Mozilla/5.0 (Windows NT 10.0; Win64; x64; rv:142.0) Gecko/20100101 Firefox/142.0,172.31.121.98,,,Mon Aug 25 2025 13:36:47 GMT-0400 (Eastern Daylight Time)
ceca8289-ba96-4b92-8fe9-119394b29741,9a002ca6-ee3c-4ebb-953f-c602fdb3ecbd,login_success,password,Desktop,"Mozilla/5.0 (Windows NT 10.0; Win64; x64) AppleWebKit/537.36 (KHTML, like Gecko) Chrome/139.0.0.0 Safari/537.36",172.31.121.98,,,Mon Aug 25 2025 13:53:26 GMT-0400 (Eastern Daylight Time)
a5685244-5104-45cc-9a19-cac20db28b49,9a002ca6-ee3c-4ebb-953f-c602fdb3ecbd,login_success,password,Desktop,"Mozilla/5.0 (Windows NT 10.0; Win64; x64) AppleWebKit/537.36 (KHTML, like Gecko) Chrome/139.0.0.0 Safari/537.36",172.31.121.98,,,Mon Aug 25 2025 13:53:54 GMT-0400 (Eastern Daylight Time)
aae23eb3-23dc-4467-a4db-3604aa11dee7,9a002ca6-ee3c-4ebb-953f-c602fdb3ecbd,login_success,password,Desktop,"Mozilla/5.0 (Windows NT 10.0; Win64; x64) AppleWebKit/537.36 (KHTML, like Gecko) Chrome/139.0.0.0 Safari/537.36",172.31.121.98,,,Mon Aug 25 2025 14:27:51 GMT-0400 (Eastern Daylight Time)
5d746928-dd2d-4813-9e29-aa0b23be37bc,9a002ca6-ee3c-4ebb-953f-c602fdb3ecbd,login_success,password,Desktop,"Mozilla/5.0 (Windows NT 10.0; Win64; x64) AppleWebKit/537.36 (KHTML, like Gecko) Chrome/139.0.0.0 Safari/537.36",172.31.66.162,,,Mon Aug 25 2025 16:38:55 GMT-0400 (Eastern Daylight Time)
d6bf273a-2946-4ea5-8e08-3f8001cc457c,9a002ca6-ee3c-4ebb-953f-c602fdb3ecbd,login_success,password,Mobile Device,"Mozilla/5.0 (Linux; Android 15; SM-S928U Build/AP3A.240905.015.A2; wv) AppleWebKit/537.36 (KHTML, like Gecko) Version/4.0 Chrome/139.0.7258.94 Mobile Safari/537.36",172.31.65.34,,,Mon Aug 25 2025 18:44:55 GMT-0400 (Eastern Daylight Time)
1d9e2bd2-21d9-420d-b261-0dce54b53b4d,9a002ca6-ee3c-4ebb-953f-c602fdb3ecbd,login_success,password,Desktop,"Mozilla/5.0 (Windows NT 10.0; Win64; x64) AppleWebKit/537.36 (KHTML, like Gecko) Chrome/139.0.0.0 Safari/537.36",172.31.65.34,,,Mon Aug 25 2025 19:19:03 GMT-0400 (Eastern Daylight Time)
8bd13987-1aa4-4a2b-9759-84a3d2d04aa3,9a002ca6-ee3c-4ebb-953f-c602fdb3ecbd,login_success,password,Desktop,"Mozilla/5.0 (Windows NT 10.0; Win64; x64) AppleWebKit/537.36 (KHTML, like Gecko) Chrome/139.0.0.0 Safari/537.36",172.31.86.34,,,Mon Aug 25 2025 19:58:54 GMT-0400 (Eastern Daylight Time)
5f3489ff-da07-4cde-a063-a191d5572b0b,9a002ca6-ee3c-4ebb-953f-c602fdb3ecbd,login_success,password,Desktop,"Mozilla/5.0 (Windows NT 10.0; Win64; x64) AppleWebKit/537.36 (KHTML, like Gecko) Chrome/139.0.0.0 Safari/537.36",172.31.71.2,,,Mon Aug 25 2025 21:48:12 GMT-0400 (Eastern Daylight Time)
d70d7531-67d6-4490-91e8-6e24de76d7ec,9a002ca6-ee3c-4ebb-953f-c602fdb3ecbd,login_success,password,Desktop,"Mozilla/5.0 (Windows NT 10.0; Win64; x64) AppleWebKit/537.36 (KHTML, like Gecko) Chrome/139.0.0.0 Safari/537.36",172.31.71.2,,,Mon Aug 25 2025 21:54:15 GMT-0400 (Eastern Daylight Time)
f80c0a1f-a5b4-47a8-ac44-044822957b4b,9a002ca6-ee3c-4ebb-953f-c602fdb3ecbd,login_success,password,Desktop,"Mozilla/5.0 (Windows NT 10.0; Win64; x64) AppleWebKit/537.36 (KHTML, like Gecko) Chrome/139.0.0.0 Safari/537.36",172.31.70.130,,,Mon Aug 25 2025 22:14:03 GMT-0400 (Eastern Daylight Time)
a4588c4a-df71-46b2-843d-9a3e746aca5a,9a002ca6-ee3c-4ebb-953f-c602fdb3ecbd,login_success,password,Desktop,"Mozilla/5.0 (Windows NT 10.0; Win64; x64) AppleWebKit/537.36 (KHTML, like Gecko) Chrome/139.0.0.0 Safari/537.36",172.31.70.130,,,Mon Aug 25 2025 22:18:36 GMT-0400 (Eastern Daylight Time)
813b285e-ac10-4f49-88c7-f3f5923777ac,9a002ca6-ee3c-4ebb-953f-c602fdb3ecbd,login_success,password,Desktop,"Mozilla/5.0 (Windows NT 10.0; Win64; x64) AppleWebKit/537.36 (KHTML, like Gecko) Chrome/139.0.0.0 Safari/537.36",172.31.70.130,,,Mon Aug 25 2025 22:20:58 GMT-0400 (Eastern Daylight Time)
2ecc16f7-d387-451e-af07-f5c688adebe2,9a002ca6-ee3c-4ebb-953f-c602fdb3ecbd,login_success,password,Desktop,"Mozilla/5.0 (Windows NT 10.0; Win64; x64) AppleWebKit/537.36 (KHTML, like Gecko) Chrome/139.0.0.0 Safari/537.36",172.31.70.2,,,Mon Aug 25 2025 22:32:35 GMT-0400 (Eastern Daylight Time)
2877045c-1caa-4b7d-9d67-11d4e503b6d9,9a002ca6-ee3c-4ebb-953f-c602fdb3ecbd,login_success,password,Desktop,"Mozilla/5.0 (Windows NT 10.0; Win64; x64) AppleWebKit/537.36 (KHTML, like Gecko) Chrome/139.0.0.0 Safari/537.36",172.31.94.194,,,Mon Aug 25 2025 22:49:49 GMT-0400 (Eastern Daylight Time)
bca4dda5-9875-4fac-9f04-ea16fd222a16,9a002ca6-ee3c-4ebb-953f-c602fdb3ecbd,login_success,password,Desktop,"Mozilla/5.0 (Windows NT 10.0; Win64; x64) AppleWebKit/537.36 (KHTML, like Gecko) Chrome/139.0.0.0 Safari/537.36",172.31.94.194,,,Mon Aug 25 2025 22:51:21 GMT-0400 (Eastern Daylight Time)
dd49dd12-ed0d-4e50-a9be-8d1a9fb036fc,9a002ca6-ee3c-4ebb-953f-c602fdb3ecbd,login_success,password,Desktop,"Mozilla/5.0 (Windows NT 10.0; Win64; x64) AppleWebKit/537.36 (KHTML, like Gecko) Chrome/139.0.0.0 Safari/537.36",172.31.94.194,,,Mon Aug 25 2025 22:53:55 GMT-0400 (Eastern Daylight Time)
eb05c3fe-2d17-434e-ab9b-5b9c58cc98dd,9a002ca6-ee3c-4ebb-953f-c602fdb3ecbd,login_success,password,Desktop,"Mozilla/5.0 (Windows NT 10.0; Win64; x64) AppleWebKit/537.36 (KHTML, like Gecko) Chrome/139.0.0.0 Safari/537.36",172.31.94.194,,,Mon Aug 25 2025 23:09:15 GMT-0400 (Eastern Daylight Time)
6b3c6d06-2a66-46a5-8da1-37a92e91c498,9a002ca6-ee3c-4ebb-953f-c602fdb3ecbd,login_success,password,Desktop,"Mozilla/5.0 (Windows NT 10.0; Win64; x64) AppleWebKit/537.36 (KHTML, like Gecko) Chrome/139.0.0.0 Safari/537.36",172.31.94.194,,,Mon Aug 25 2025 23:13:40 GMT-0400 (Eastern Daylight Time)
ed84a539-110a-4323-ab15-e2dd08fc5d73,9a002ca6-ee3c-4ebb-953f-c602fdb3ecbd,login_success,password,Desktop,"Mozilla/5.0 (Windows NT 10.0; Win64; x64) AppleWebKit/537.36 (KHTML, like Gecko) Chrome/139.0.0.0 Safari/537.36",172.31.94.194,,,Mon Aug 25 2025 23:19:19 GMT-0400 (Eastern Daylight Time)
ae0bdfe8-5420-41ad-a7ce-3eb2f57c68c6,9a002ca6-ee3c-4ebb-953f-c602fdb3ecbd,login_success,password,Desktop,"Mozilla/5.0 (Windows NT 10.0; Win64; x64) AppleWebKit/537.36 (KHTML, like Gecko) Chrome/139.0.0.0 Safari/537.36",172.31.94.194,,,Mon Aug 25 2025 23:22:16 GMT-0400 (Eastern Daylight Time)
798221b6-7bc6-4aa0-95df-5bb3d47ff804,9a002ca6-ee3c-4ebb-953f-c602fdb3ecbd,login_success,password,Desktop,"Mozilla/5.0 (Windows NT 10.0; Win64; x64) AppleWebKit/537.36 (KHTML, like Gecko) Chrome/139.0.0.0 Safari/537.36",172.31.94.194,,,Mon Aug 25 2025 23:22:40 GMT-0400 (Eastern Daylight Time)
a2dd3a89-f702-439e-81ef-0e99dea39957,9a002ca6-ee3c-4ebb-953f-c602fdb3ecbd,login_success,password,Desktop,"Mozilla/5.0 (Windows NT 10.0; Win64; x64) AppleWebKit/537.36 (KHTML, like Gecko) Chrome/139.0.0.0 Safari/537.36",172.31.94.194,,,Mon Aug 25 2025 23:24:31 GMT-0400 (Eastern Daylight Time)
03420c19-9177-4609-939e-1252d0d9e6a1,9a002ca6-ee3c-4ebb-953f-c602fdb3ecbd,login_success,password,Desktop,"Mozilla/5.0 (Windows NT 10.0; Win64; x64) AppleWebKit/537.36 (KHTML, like Gecko) Chrome/139.0.0.0 Safari/537.36",172.31.94.194,,,Mon Aug 25 2025 23:25:47 GMT-0400 (Eastern Daylight Time)
97ec6ab3-5bca-4ee4-9218-ece6103187b7,9a002ca6-ee3c-4ebb-953f-c602fdb3ecbd,login_success,password,Desktop,"Mozilla/5.0 (Windows NT 10.0; Win64; x64) AppleWebKit/537.36 (KHTML, like Gecko) Chrome/139.0.0.0 Safari/537.36",172.31.94.194,,,Mon Aug 25 2025 23:30:44 GMT-0400 (Eastern Daylight Time)
4394fced-842c-47af-b754-ab36f5c142dd,9a002ca6-ee3c-4ebb-953f-c602fdb3ecbd,login_failure,password,Desktop,"Mozilla/5.0 (Windows NT 10.0; Win64; x64) AppleWebKit/537.36 (KHTML, like Gecko) Chrome/139.0.0.0 Safari/537.36",172.31.94.194,,,Mon Aug 25 2025 23:34:29 GMT-0400 (Eastern Daylight Time)
d2bb6dac-0e30-4cc2-b02f-1591b710805c,9a002ca6-ee3c-4ebb-953f-c602fdb3ecbd,login_success,password,Desktop,"Mozilla/5.0 (Windows NT 10.0; Win64; x64) AppleWebKit/537.36 (KHTML, like Gecko) Chrome/139.0.0.0 Safari/537.36",172.31.94.194,,,Mon Aug 25 2025 23:34:40 GMT-0400 (Eastern Daylight Time)
8f1e3a09-268a-459d-8974-2abf98b98ac5,9a002ca6-ee3c-4ebb-953f-c602fdb3ecbd,login_success,password,Desktop,"Mozilla/5.0 (Windows NT 10.0; Win64; x64) AppleWebKit/537.36 (KHTML, like Gecko) Chrome/139.0.0.0 Safari/537.36",172.31.94.194,,,Mon Aug 25 2025 23:53:18 GMT-0400 (Eastern Daylight Time)
308c163b-02ce-450c-bd53-2515d950064a,9a002ca6-ee3c-4ebb-953f-c602fdb3ecbd,login_success,password,Desktop,"Mozilla/5.0 (Windows NT 10.0; Win64; x64) AppleWebKit/537.36 (KHTML, like Gecko) Chrome/139.0.0.0 Safari/537.36",172.31.94.194,,,Mon Aug 25 2025 23:53:44 GMT-0400 (Eastern Daylight Time)
36ec703e-eb03-4133-90eb-5ebe7f2bd5cf,9a002ca6-ee3c-4ebb-953f-c602fdb3ecbd,login_success,password,Desktop,"Mozilla/5.0 (Windows NT 10.0; Win64; x64) AppleWebKit/537.36 (KHTML, like Gecko) Chrome/139.0.0.0 Safari/537.36",172.31.94.194,,,Mon Aug 25 2025 23:55:43 GMT-0400 (Eastern Daylight Time)
846750c1-0205-4d78-a9f9-74323e4b026c,9a002ca6-ee3c-4ebb-953f-c602fdb3ecbd,login_success,password,Desktop,"Mozilla/5.0 (Windows NT 10.0; Win64; x64) AppleWebKit/537.36 (KHTML, like Gecko) Chrome/139.0.0.0 Safari/537.36",172.31.94.194,,,Tue Aug 26 2025 00:00:27 GMT-0400 (Eastern Daylight Time)
e94b88ac-34a7-4d24-a5a3-c13c94fb0d3a,9a002ca6-ee3c-4ebb-953f-c602fdb3ecbd,login_success,password,Desktop,"Mozilla/5.0 (Windows NT 10.0; Win64; x64) AppleWebKit/537.36 (KHTML, like Gecko) Chrome/139.0.0.0 Safari/537.36",172.31.94.194,,,Tue Aug 26 2025 00:06:51 GMT-0400 (Eastern Daylight Time)
87dec9d0-e236-4d98-9294-3293903845d1,9a002ca6-ee3c-4ebb-953f-c602fdb3ecbd,login_failure,password,Desktop,"Mozilla/5.0 (Windows NT 10.0; Win64; x64) AppleWebKit/537.36 (KHTML, like Gecko) Chrome/139.0.0.0 Safari/537.36",172.31.94.194,,,Tue Aug 26 2025 00:08:38 GMT-0400 (Eastern Daylight Time)
ac2132bb-896a-4978-ae9f-4de027edcf89,9a002ca6-ee3c-4ebb-953f-c602fdb3ecbd,login_success,password,Desktop,"Mozilla/5.0 (Windows NT 10.0; Win64; x64) AppleWebKit/537.36 (KHTML, like Gecko) Chrome/139.0.0.0 Safari/537.36",172.31.94.194,,,Tue Aug 26 2025 00:08:47 GMT-0400 (Eastern Daylight Time)
08bf9b15-228f-4db8-8ec3-1c3729b313ed,9a002ca6-ee3c-4ebb-953f-c602fdb3ecbd,login_success,password,Desktop,"Mozilla/5.0 (Windows NT 10.0; Win64; x64) AppleWebKit/537.36 (KHTML, like Gecko) Chrome/139.0.0.0 Safari/537.36",172.31.94.194,,,Tue Aug 26 2025 00:12:01 GMT-0400 (Eastern Daylight Time)
4b39c5e8-0bf0-4d22-b2a4-3f3631d07b7b,9a002ca6-ee3c-4ebb-953f-c602fdb3ecbd,login_success,password,Desktop,"Mozilla/5.0 (Windows NT 10.0; Win64; x64) AppleWebKit/537.36 (KHTML, like Gecko) Chrome/139.0.0.0 Safari/537.36",172.31.94.194,,,Tue Aug 26 2025 00:25:20 GMT-0400 (Eastern Daylight Time)
1ff69b1e-e70f-4234-9b41-6a4b91f84671,9a002ca6-ee3c-4ebb-953f-c602fdb3ecbd,login_success,password,Desktop,"Mozilla/5.0 (Windows NT 10.0; Win64; x64) AppleWebKit/537.36 (KHTML, like Gecko) Chrome/139.0.0.0 Safari/537.36",172.31.94.194,,,Tue Aug 26 2025 00:37:28 GMT-0400 (Eastern Daylight Time)
13e05123-f425-4792-a962-b25db86217ac,9a002ca6-ee3c-4ebb-953f-c602fdb3ecbd,login_success,password,Desktop,"Mozilla/5.0 (Windows NT 10.0; Win64; x64) AppleWebKit/537.36 (KHTML, like Gecko) Chrome/139.0.0.0 Safari/537.36",172.31.94.194,,,Tue Aug 26 2025 00:38:39 GMT-0400 (Eastern Daylight Time)
24b43610-037a-40b3-b2cb-7a6652aef360,9a002ca6-ee3c-4ebb-953f-c602fdb3ecbd,login_success,password,Desktop,"Mozilla/5.0 (Windows NT 10.0; Win64; x64) AppleWebKit/537.36 (KHTML, like Gecko) Chrome/139.0.0.0 Safari/537.36",172.31.94.194,,,Tue Aug 26 2025 00:47:52 GMT-0400 (Eastern Daylight Time)
e7d612e6-714a-4de1-ab08-c395ef197ed1,9a002ca6-ee3c-4ebb-953f-c602fdb3ecbd,login_success,password,Desktop,"Mozilla/5.0 (Windows NT 10.0; Win64; x64) AppleWebKit/537.36 (KHTML, like Gecko) Chrome/139.0.0.0 Safari/537.36",172.31.94.194,,,Tue Aug 26 2025 00:52:06 GMT-0400 (Eastern Daylight Time)
cd324206-e8a1-4980-b1a8-79d08de9ac3a,9a002ca6-ee3c-4ebb-953f-c602fdb3ecbd,login_success,password,Desktop,"Mozilla/5.0 (Windows NT 10.0; Win64; x64) AppleWebKit/537.36 (KHTML, like Gecko) Chrome/139.0.0.0 Safari/537.36",172.31.94.194,,,Tue Aug 26 2025 00:55:48 GMT-0400 (Eastern Daylight Time)
d7619ff7-2351-40ee-aa78-eeb39134d6c7,9a002ca6-ee3c-4ebb-953f-c602fdb3ecbd,login_success,password,Desktop,"Mozilla/5.0 (Windows NT 10.0; Win64; x64) AppleWebKit/537.36 (KHTML, like Gecko) Chrome/139.0.0.0 Safari/537.36",172.31.94.194,,,Tue Aug 26 2025 01:01:30 GMT-0400 (Eastern Daylight Time)
74638678-fb07-49be-a86b-7cd077aec357,9a002ca6-ee3c-4ebb-953f-c602fdb3ecbd,login_success,password,Desktop,"Mozilla/5.0 (Windows NT 10.0; Win64; x64) AppleWebKit/537.36 (KHTML, like Gecko) Chrome/139.0.0.0 Safari/537.36",172.31.94.194,,,Tue Aug 26 2025 01:10:29 GMT-0400 (Eastern Daylight Time)
4c871385-9775-417c-a3cf-6a649bcfd588,9a002ca6-ee3c-4ebb-953f-c602fdb3ecbd,login_success,password,Desktop,"Mozilla/5.0 (Windows NT 10.0; Win64; x64) AppleWebKit/537.36 (KHTML, like Gecko) Chrome/139.0.0.0 Safari/537.36",172.31.94.194,,,Tue Aug 26 2025 01:15:49 GMT-0400 (Eastern Daylight Time)
60785b6d-11f8-41dd-b2f7-4e64cc58ed0b,9a002ca6-ee3c-4ebb-953f-c602fdb3ecbd,login_failure,password,Desktop,"Mozilla/5.0 (Windows NT 10.0; Win64; x64) AppleWebKit/537.36 (KHTML, like Gecko) Chrome/139.0.0.0 Safari/537.36",172.31.94.194,,,Tue Aug 26 2025 01:29:02 GMT-0400 (Eastern Daylight Time)
1effe831-7347-4522-a9eb-9457edf6d968,9a002ca6-ee3c-4ebb-953f-c602fdb3ecbd,login_success,password,Desktop,"Mozilla/5.0 (Windows NT 10.0; Win64; x64) AppleWebKit/537.36 (KHTML, like Gecko) Chrome/139.0.0.0 Safari/537.36",172.31.94.194,,,Tue Aug 26 2025 01:29:05 GMT-0400 (Eastern Daylight Time)
722154e2-8894-4a79-9eff-2cd1f01e3c6d,9a002ca6-ee3c-4ebb-953f-c602fdb3ecbd,login_success,password,Desktop,"Mozilla/5.0 (Windows NT 10.0; Win64; x64) AppleWebKit/537.36 (KHTML, like Gecko) Chrome/139.0.0.0 Safari/537.36",172.31.94.194,,,Tue Aug 26 2025 01:29:46 GMT-0400 (Eastern Daylight Time)
fdd8fa2f-8b59-4b17-aa3e-affdad885ecb,9a002ca6-ee3c-4ebb-953f-c602fdb3ecbd,login_success,password,Desktop,"Mozilla/5.0 (Windows NT 10.0; Win64; x64) AppleWebKit/537.36 (KHTML, like Gecko) Chrome/139.0.0.0 Safari/537.36",172.31.94.194,,,Tue Aug 26 2025 01:32:08 GMT-0400 (Eastern Daylight Time)
9e0cd44b-14aa-41b7-8af0-2198239be4ee,9a002ca6-ee3c-4ebb-953f-c602fdb3ecbd,login_success,password,Desktop,"Mozilla/5.0 (Windows NT 10.0; Win64; x64) AppleWebKit/537.36 (KHTML, like Gecko) Chrome/139.0.0.0 Safari/537.36",172.31.94.194,,,Tue Aug 26 2025 01:34:29 GMT-0400 (Eastern Daylight Time)
d0764f0c-3fe8-4ccc-9fe7-6e03683e56ca,9a002ca6-ee3c-4ebb-953f-c602fdb3ecbd,login_success,password,Desktop,"Mozilla/5.0 (Windows NT 10.0; Win64; x64) AppleWebKit/537.36 (KHTML, like Gecko) Chrome/139.0.0.0 Safari/537.36",172.31.94.194,,,Tue Aug 26 2025 01:42:03 GMT-0400 (Eastern Daylight Time)
56db2ded-972b-49ab-9c03-868bf0cca832,9a002ca6-ee3c-4ebb-953f-c602fdb3ecbd,login_success,password,Desktop,"Mozilla/5.0 (Windows NT 10.0; Win64; x64) AppleWebKit/537.36 (KHTML, like Gecko) Chrome/139.0.0.0 Safari/537.36",172.31.94.194,,,Tue Aug 26 2025 01:46:06 GMT-0400 (Eastern Daylight Time)
7d6eec44-604e-45a7-9a1d-52dd03cfb7e2,9a002ca6-ee3c-4ebb-953f-c602fdb3ecbd,login_success,password,Desktop,"Mozilla/5.0 (Windows NT 10.0; Win64; x64) AppleWebKit/537.36 (KHTML, like Gecko) Chrome/139.0.0.0 Safari/537.36",172.31.94.194,,,Tue Aug 26 2025 02:30:55 GMT-0400 (Eastern Daylight Time)
5eb08d5f-44ea-40e1-a8f7-fc419c9badb8,9a002ca6-ee3c-4ebb-953f-c602fdb3ecbd,login_success,password,Desktop,"Mozilla/5.0 (Windows NT 10.0; Win64; x64) AppleWebKit/537.36 (KHTML, like Gecko) Chrome/139.0.0.0 Safari/537.36",172.31.94.194,,,Tue Aug 26 2025 02:38:56 GMT-0400 (Eastern Daylight Time)
75e75c82-2a4d-4b10-86c2-7899b2969e87,9a002ca6-ee3c-4ebb-953f-c602fdb3ecbd,login_failure,password,Desktop,"Mozilla/5.0 (Windows NT 10.0; Win64; x64) AppleWebKit/537.36 (KHTML, like Gecko) Chrome/139.0.0.0 Safari/537.36",172.31.94.194,,,Tue Aug 26 2025 02:42:24 GMT-0400 (Eastern Daylight Time)
bf03c504-b96b-4c99-b89c-e2e59ccb3bb6,9a002ca6-ee3c-4ebb-953f-c602fdb3ecbd,login_success,password,Desktop,"Mozilla/5.0 (Windows NT 10.0; Win64; x64) AppleWebKit/537.36 (KHTML, like Gecko) Chrome/139.0.0.0 Safari/537.36",172.31.94.194,,,Tue Aug 26 2025 02:42:31 GMT-0400 (Eastern Daylight Time)
19db8723-98ef-43c6-975f-83e018b6468b,9a002ca6-ee3c-4ebb-953f-c602fdb3ecbd,login_success,password,Desktop,"Mozilla/5.0 (Windows NT 10.0; Win64; x64) AppleWebKit/537.36 (KHTML, like Gecko) Chrome/139.0.0.0 Safari/537.36",172.31.94.194,,,Tue Aug 26 2025 02:45:43 GMT-0400 (Eastern Daylight Time)
1cc34fc4-a7e5-45b9-a790-dc048f9d46a2,9a002ca6-ee3c-4ebb-953f-c602fdb3ecbd,login_success,password,Desktop,"Mozilla/5.0 (Windows NT 10.0; Win64; x64) AppleWebKit/537.36 (KHTML, like Gecko) Chrome/139.0.0.0 Safari/537.36",172.31.94.194,,,Tue Aug 26 2025 03:03:41 GMT-0400 (Eastern Daylight Time)
2ab40644-e8d8-4dee-addb-042e5229ed66,9a002ca6-ee3c-4ebb-953f-c602fdb3ecbd,login_success,password,Desktop,"Mozilla/5.0 (Windows NT 10.0; Win64; x64) AppleWebKit/537.36 (KHTML, like Gecko) Chrome/139.0.0.0 Safari/537.36",172.31.94.194,,,Tue Aug 26 2025 03:07:55 GMT-0400 (Eastern Daylight Time)
28cb0a6a-65c2-4a4c-80b5-04020d9dac48,9a002ca6-ee3c-4ebb-953f-c602fdb3ecbd,login_success,password,Desktop,"Mozilla/5.0 (Windows NT 10.0; Win64; x64) AppleWebKit/537.36 (KHTML, like Gecko) Chrome/139.0.0.0 Safari/537.36",172.31.94.194,,,Tue Aug 26 2025 03:30:25 GMT-0400 (Eastern Daylight Time)
2f259496-c906-499b-acd8-d97f941587ed,9a002ca6-ee3c-4ebb-953f-c602fdb3ecbd,login_success,password,Desktop,"Mozilla/5.0 (Windows NT 10.0; Win64; x64) AppleWebKit/537.36 (KHTML, like Gecko) Chrome/139.0.0.0 Safari/537.36",172.31.94.194,,,Tue Aug 26 2025 03:43:11 GMT-0400 (Eastern Daylight Time)
d8d80458-e9a1-4b9a-8c07-36ad404aaaaf,9a002ca6-ee3c-4ebb-953f-c602fdb3ecbd,login_success,password,Desktop,"Mozilla/5.0 (Windows NT 10.0; Win64; x64) AppleWebKit/537.36 (KHTML, like Gecko) Chrome/139.0.0.0 Safari/537.36",172.31.121.162,,,Tue Aug 26 2025 11:00:49 GMT-0400 (Eastern Daylight Time)
01dcffc4-f659-4951-87bf-e5940b45de7f,9a002ca6-ee3c-4ebb-953f-c602fdb3ecbd,login_success,password,Desktop,"Mozilla/5.0 (Windows NT 10.0; Win64; x64) AppleWebKit/537.36 (KHTML, like Gecko) Chrome/139.0.0.0 Safari/537.36",172.31.121.162,,,Tue Aug 26 2025 11:02:19 GMT-0400 (Eastern Daylight Time)
403ea348-95b4-4f2e-8229-c9b83928287e,9a002ca6-ee3c-4ebb-953f-c602fdb3ecbd,login_success,password,Desktop,"Mozilla/5.0 (Windows NT 10.0; Win64; x64) AppleWebKit/537.36 (KHTML, like Gecko) Chrome/139.0.0.0 Safari/537.36",172.31.121.162,,,Tue Aug 26 2025 11:21:07 GMT-0400 (Eastern Daylight Time)
7d90230f-a095-46dd-adb4-a1fe94a33794,9a002ca6-ee3c-4ebb-953f-c602fdb3ecbd,login_success,password,Desktop,"Mozilla/5.0 (Windows NT 10.0; Win64; x64) AppleWebKit/537.36 (KHTML, like Gecko) Chrome/139.0.0.0 Safari/537.36",172.31.121.162,,,Tue Aug 26 2025 11:31:40 GMT-0400 (Eastern Daylight Time)
bb2f31aa-bab4-4b26-8106-e0768388908a,9a002ca6-ee3c-4ebb-953f-c602fdb3ecbd,login_success,password,Desktop,"Mozilla/5.0 (Windows NT 10.0; Win64; x64) AppleWebKit/537.36 (KHTML, like Gecko) Chrome/139.0.0.0 Safari/537.36",172.31.121.162,,,Tue Aug 26 2025 11:46:32 GMT-0400 (Eastern Daylight Time)
ef183cc7-470b-4137-a2da-4eff78f62d87,9a002ca6-ee3c-4ebb-953f-c602fdb3ecbd,login_success,password,Desktop,"Mozilla/5.0 (Windows NT 10.0; Win64; x64) AppleWebKit/537.36 (KHTML, like Gecko) Chrome/139.0.0.0 Safari/537.36",172.31.121.162,,,Tue Aug 26 2025 12:06:43 GMT-0400 (Eastern Daylight Time)
48f7b38d-7c59-4072-8053-8e48b14fe2a3,9a002ca6-ee3c-4ebb-953f-c602fdb3ecbd,login_success,password,Desktop,"Mozilla/5.0 (Windows NT 10.0; Win64; x64) AppleWebKit/537.36 (KHTML, like Gecko) Chrome/139.0.0.0 Safari/537.36",172.31.121.162,,,Tue Aug 26 2025 12:11:04 GMT-0400 (Eastern Daylight Time)
048e1718-733d-4ead-93b8-0a56a0fcd1ba,9a002ca6-ee3c-4ebb-953f-c602fdb3ecbd,login_success,password,Desktop,"Mozilla/5.0 (Windows NT 10.0; Win64; x64) AppleWebKit/537.36 (KHTML, like Gecko) Chrome/139.0.0.0 Safari/537.36",172.31.86.194,,,Tue Aug 26 2025 15:37:27 GMT-0400 (Eastern Daylight Time)
47d9868f-cfb0-4b86-8d3b-476dbeaa3465,9a002ca6-ee3c-4ebb-953f-c602fdb3ecbd,login_failure,password,Desktop,curl/8.14.1,127.0.0.1,,,Tue Aug 26 2025 15:40:34 GMT-0400 (Eastern Daylight Time)
e2fccb53-0d91-402e-a233-f76c5708cdd3,9a002ca6-ee3c-4ebb-953f-c602fdb3ecbd,login_success,password,Desktop,"Mozilla/5.0 (Windows NT 10.0; Win64; x64) AppleWebKit/537.36 (KHTML, like Gecko) Chrome/139.0.0.0 Safari/537.36",172.31.86.194,,,Tue Aug 26 2025 15:49:36 GMT-0400 (Eastern Daylight Time)
474d83e1-0f07-4b7e-b958-a5dd49338984,9a002ca6-ee3c-4ebb-953f-c602fdb3ecbd,login_success,password,Desktop,"Mozilla/5.0 (Windows NT 10.0; Win64; x64) AppleWebKit/537.36 (KHTML, like Gecko) Chrome/139.0.0.0 Safari/537.36",172.31.64.98,,,Tue Aug 26 2025 22:44:32 GMT-0400 (Eastern Daylight Time)
ef892781-5c91-48bd-9207-4a0edb07f9ac,9a002ca6-ee3c-4ebb-953f-c602fdb3ecbd,login_success,password,Desktop,"Mozilla/5.0 (Windows NT 10.0; Win64; x64) AppleWebKit/537.36 (KHTML, like Gecko) Chrome/139.0.0.0 Safari/537.36",172.31.64.98,,,Tue Aug 26 2025 22:57:29 GMT-0400 (Eastern Daylight Time)
3fd38c08-e9f1-4af7-a4e0-253a799e2260,9a002ca6-ee3c-4ebb-953f-c602fdb3ecbd,login_success,password,Desktop,"Mozilla/5.0 (Windows NT 10.0; Win64; x64) AppleWebKit/537.36 (KHTML, like Gecko) Chrome/139.0.0.0 Safari/537.36",172.31.64.98,,,Tue Aug 26 2025 23:11:15 GMT-0400 (Eastern Daylight Time)
8d2368c3-85d3-420a-a0f0-8cd3daba1f41,9a002ca6-ee3c-4ebb-953f-c602fdb3ecbd,login_success,password,Desktop,"Mozilla/5.0 (Windows NT 10.0; Win64; x64) AppleWebKit/537.36 (KHTML, like Gecko) Chrome/139.0.0.0 Safari/537.36",172.31.64.98,,,Wed Aug 27 2025 00:44:27 GMT-0400 (Eastern Daylight Time)
6ce11e93-5fbc-4c7c-8541-34c1f58eca81,9a002ca6-ee3c-4ebb-953f-c602fdb3ecbd,login_success,password,Desktop,"Mozilla/5.0 (Windows NT 10.0; Win64; x64) AppleWebKit/537.36 (KHTML, like Gecko) Chrome/139.0.0.0 Safari/537.36",172.31.64.98,,,Wed Aug 27 2025 00:45:00 GMT-0400 (Eastern Daylight Time)
9af7d5b5-9133-4353-b0ec-4552cd02957a,9a002ca6-ee3c-4ebb-953f-c602fdb3ecbd,login_success,password,Desktop,"Mozilla/5.0 (Windows NT 10.0; Win64; x64) AppleWebKit/537.36 (KHTML, like Gecko) Chrome/139.0.0.0 Safari/537.36",172.31.64.98,,,Wed Aug 27 2025 00:57:40 GMT-0400 (Eastern Daylight Time)
e39bea49-0b75-404f-996b-d7672c7ed897,9a002ca6-ee3c-4ebb-953f-c602fdb3ecbd,login_success,password,Desktop,"Mozilla/5.0 (Windows NT 10.0; Win64; x64) AppleWebKit/537.36 (KHTML, like Gecko) Chrome/139.0.0.0 Safari/537.36",172.31.64.98,,,Wed Aug 27 2025 01:00:42 GMT-0400 (Eastern Daylight Time)
828809f0-aed7-4d13-9837-dc5083b03f1a,9a002ca6-ee3c-4ebb-953f-c602fdb3ecbd,login_success,password,Desktop,"Mozilla/5.0 (Windows NT 10.0; Win64; x64) AppleWebKit/537.36 (KHTML, like Gecko) Chrome/139.0.0.0 Safari/537.36",172.31.64.98,,,Wed Aug 27 2025 01:05:58 GMT-0400 (Eastern Daylight Time)
de91a3b9-a40d-45d7-a144-5051f926e0ab,9a002ca6-ee3c-4ebb-953f-c602fdb3ecbd,login_success,password,Desktop,"Mozilla/5.0 (Windows NT 10.0; Win64; x64) AppleWebKit/537.36 (KHTML, like Gecko) Chrome/139.0.0.0 Safari/537.36",172.31.64.98,,,Wed Aug 27 2025 01:34:40 GMT-0400 (Eastern Daylight Time)
c8aac408-fde2-40e2-b0e5-0a2ce2ffaabf,9a002ca6-ee3c-4ebb-953f-c602fdb3ecbd,login_success,password,Desktop,"Mozilla/5.0 (Windows NT 10.0; Win64; x64) AppleWebKit/537.36 (KHTML, like Gecko) Chrome/139.0.0.0 Safari/537.36",172.31.64.98,,,Wed Aug 27 2025 01:40:36 GMT-0400 (Eastern Daylight Time)
e7269aec-934d-4a61-9a15-5526ddedebd5,9a002ca6-ee3c-4ebb-953f-c602fdb3ecbd,login_success,password,Desktop,"Mozilla/5.0 (Windows NT 10.0; Win64; x64) AppleWebKit/537.36 (KHTML, like Gecko) Chrome/139.0.0.0 Safari/537.36",172.31.64.98,,,Wed Aug 27 2025 01:48:30 GMT-0400 (Eastern Daylight Time)
c160e115-313c-44cf-87ec-942be854baa5,9a002ca6-ee3c-4ebb-953f-c602fdb3ecbd,login_success,password,Desktop,"Mozilla/5.0 (Windows NT 10.0; Win64; x64) AppleWebKit/537.36 (KHTML, like Gecko) Chrome/139.0.0.0 Safari/537.36",172.31.64.98,,,Wed Aug 27 2025 01:55:40 GMT-0400 (Eastern Daylight Time)
3c030fd6-de57-48d3-95e5-49e6b2fe3404,9a002ca6-ee3c-4ebb-953f-c602fdb3ecbd,login_success,password,Desktop,"Mozilla/5.0 (Windows NT 10.0; Win64; x64) AppleWebKit/537.36 (KHTML, like Gecko) Chrome/139.0.0.0 Safari/537.36",172.31.64.98,,,Wed Aug 27 2025 01:58:18 GMT-0400 (Eastern Daylight Time)
582d24a0-3656-4cb5-b3e9-31facabefd74,9a002ca6-ee3c-4ebb-953f-c602fdb3ecbd,login_success,password,Desktop,"Mozilla/5.0 (Windows NT 10.0; Win64; x64) AppleWebKit/537.36 (KHTML, like Gecko) Chrome/139.0.0.0 Safari/537.36",172.31.64.98,,,Wed Aug 27 2025 02:13:33 GMT-0400 (Eastern Daylight Time)
5bc6bdef-bcf0-4dbf-8314-1f8ecf9e90d0,9a002ca6-ee3c-4ebb-953f-c602fdb3ecbd,login_success,password,Desktop,"Mozilla/5.0 (Windows NT 10.0; Win64; x64) AppleWebKit/537.36 (KHTML, like Gecko) Chrome/139.0.0.0 Safari/537.36",172.31.64.98,,,Wed Aug 27 2025 02:24:34 GMT-0400 (Eastern Daylight Time)
c49c9f64-71d6-4b1d-80da-7c572e029545,9a002ca6-ee3c-4ebb-953f-c602fdb3ecbd,login_success,password,Desktop,"Mozilla/5.0 (Windows NT 10.0; Win64; x64) AppleWebKit/537.36 (KHTML, like Gecko) Chrome/139.0.0.0 Safari/537.36",172.31.119.66,,,Wed Aug 27 2025 12:10:39 GMT-0400 (Eastern Daylight Time)
a7018a7d-305c-4b68-8a67-ef04d4739e28,9a002ca6-ee3c-4ebb-953f-c602fdb3ecbd,login_success,password,Desktop,"Mozilla/5.0 (Windows NT 10.0; Win64; x64) AppleWebKit/537.36 (KHTML, like Gecko) Chrome/139.0.0.0 Safari/537.36",172.31.119.66,,,Wed Aug 27 2025 12:16:35 GMT-0400 (Eastern Daylight Time)
a1636b5b-6179-4af8-86b3-13e7f82a0609,9a002ca6-ee3c-4ebb-953f-c602fdb3ecbd,login_success,password,Desktop,"Mozilla/5.0 (Windows NT 10.0; Win64; x64) AppleWebKit/537.36 (KHTML, like Gecko) Chrome/139.0.0.0 Safari/537.36 Edg/139.0.0.0",172.31.119.66,,,Wed Aug 27 2025 12:27:02 GMT-0400 (Eastern Daylight Time)
9135c791-6277-406b-9789-ffff5ecbd47f,9a002ca6-ee3c-4ebb-953f-c602fdb3ecbd,login_success,password,Desktop,"Mozilla/5.0 (Windows NT 10.0; Win64; x64) AppleWebKit/537.36 (KHTML, like Gecko) Chrome/139.0.0.0 Safari/537.36",172.31.119.66,,,Wed Aug 27 2025 12:35:55 GMT-0400 (Eastern Daylight Time)
b26a2423-ee60-46e2-b904-e8b8787f9d52,9a002ca6-ee3c-4ebb-953f-c602fdb3ecbd,login_success,password,Desktop,"Mozilla/5.0 (Windows NT 10.0; Win64; x64) AppleWebKit/537.36 (KHTML, like Gecko) Chrome/139.0.0.0 Safari/537.36",172.31.119.66,,,Wed Aug 27 2025 13:27:20 GMT-0400 (Eastern Daylight Time)
99ffd6ea-af83-40c4-89e8-46ef3025c565,9a002ca6-ee3c-4ebb-953f-c602fdb3ecbd,login_success,password,Desktop,"Mozilla/5.0 (Windows NT 10.0; Win64; x64) AppleWebKit/537.36 (KHTML, like Gecko) Chrome/139.0.0.0 Safari/537.36",172.31.116.66,,,Wed Aug 27 2025 21:12:55 GMT-0400 (Eastern Daylight Time)
b66f7e49-39f1-4db8-9fcc-22a292dbf153,9a002ca6-ee3c-4ebb-953f-c602fdb3ecbd,login_success,password,Desktop,"Mozilla/5.0 (Windows NT 10.0; Win64; x64) AppleWebKit/537.36 (KHTML, like Gecko) Chrome/139.0.0.0 Safari/537.36",172.31.113.130,,,Wed Aug 27 2025 21:36:41 GMT-0400 (Eastern Daylight Time)
6514d030-0adb-4ed8-af7b-821734d263c9,9a002ca6-ee3c-4ebb-953f-c602fdb3ecbd,login_success,password,Desktop,"Mozilla/5.0 (Windows NT 10.0; Win64; x64) AppleWebKit/537.36 (KHTML, like Gecko) Chrome/139.0.0.0 Safari/537.36",172.31.121.194,,,Wed Aug 27 2025 22:38:38 GMT-0400 (Eastern Daylight Time)
3e3ac2c3-b272-4592-9fa1-aba26db321ee,9a002ca6-ee3c-4ebb-953f-c602fdb3ecbd,login_success,password,Desktop,"Mozilla/5.0 (Windows NT 10.0; Win64; x64) AppleWebKit/537.36 (KHTML, like Gecko) Chrome/139.0.0.0 Safari/537.36",172.31.121.194,,,Wed Aug 27 2025 22:44:26 GMT-0400 (Eastern Daylight Time)
da277cc0-605d-4acd-a737-ff67fbfb9d71,9a002ca6-ee3c-4ebb-953f-c602fdb3ecbd,login_success,password,Desktop,"Mozilla/5.0 (Windows NT 10.0; Win64; x64) AppleWebKit/537.36 (KHTML, like Gecko) Chrome/139.0.0.0 Safari/537.36",172.31.121.194,,,Wed Aug 27 2025 23:10:18 GMT-0400 (Eastern Daylight Time)
69d777ce-de4b-4109-8646-0d5ffccc19ea,9a002ca6-ee3c-4ebb-953f-c602fdb3ecbd,login_success,password,Desktop,"Mozilla/5.0 (Windows NT 10.0; Win64; x64) AppleWebKit/537.36 (KHTML, like Gecko) Chrome/139.0.0.0 Safari/537.36",172.31.121.194,,,Wed Aug 27 2025 23:17:36 GMT-0400 (Eastern Daylight Time)
4ca56c72-633b-4dcb-9a64-b6671f92abed,9a002ca6-ee3c-4ebb-953f-c602fdb3ecbd,login_success,password,Desktop,"Mozilla/5.0 (Windows NT 10.0; Win64; x64) AppleWebKit/537.36 (KHTML, like Gecko) Chrome/139.0.0.0 Safari/537.36",172.31.121.194,,,Wed Aug 27 2025 23:54:37 GMT-0400 (Eastern Daylight Time)
56bddb32-1bd2-4036-a0a6-67e9326b87f1,9a002ca6-ee3c-4ebb-953f-c602fdb3ecbd,login_success,password,Desktop,"Mozilla/5.0 (Windows NT 10.0; Win64; x64) AppleWebKit/537.36 (KHTML, like Gecko) Chrome/139.0.0.0 Safari/537.36",172.31.121.194,,,Wed Aug 27 2025 23:59:20 GMT-0400 (Eastern Daylight Time)
f1e305a5-9db9-4e7c-89c2-85018f0b00f9,9a002ca6-ee3c-4ebb-953f-c602fdb3ecbd,login_success,password,Desktop,"Mozilla/5.0 (Windows NT 10.0; Win64; x64) AppleWebKit/537.36 (KHTML, like Gecko) Chrome/139.0.0.0 Safari/537.36",172.31.121.194,,,Thu Aug 28 2025 00:15:03 GMT-0400 (Eastern Daylight Time)
7f7efdaf-97e1-4e34-a0f7-80cb598f3a4e,9a002ca6-ee3c-4ebb-953f-c602fdb3ecbd,login_success,password,Desktop,"Mozilla/5.0 (Windows NT 10.0; Win64; x64) AppleWebKit/537.36 (KHTML, like Gecko) Chrome/139.0.0.0 Safari/537.36",172.31.121.194,,,Thu Aug 28 2025 00:17:36 GMT-0400 (Eastern Daylight Time)
ca02a96b-9e31-4fb8-804b-a6c4c36cf067,9a002ca6-ee3c-4ebb-953f-c602fdb3ecbd,login_success,password,Desktop,"Mozilla/5.0 (Windows NT 10.0; Win64; x64) AppleWebKit/537.36 (KHTML, like Gecko) Chrome/139.0.0.0 Safari/537.36",172.31.67.66,,,Thu Aug 28 2025 12:06:02 GMT-0400 (Eastern Daylight Time)
a2205610-5d14-47a4-89d3-b87deb3b6a78,9a002ca6-ee3c-4ebb-953f-c602fdb3ecbd,login_success,password,Desktop,"Mozilla/5.0 (Windows NT 10.0; Win64; x64) AppleWebKit/537.36 (KHTML, like Gecko) Chrome/139.0.0.0 Safari/537.36",172.31.67.66,,,Thu Aug 28 2025 12:11:09 GMT-0400 (Eastern Daylight Time)
8af3879f-799a-4773-a4cd-12dda5c8d68b,9a002ca6-ee3c-4ebb-953f-c602fdb3ecbd,login_success,password,Desktop,"Mozilla/5.0 (Windows NT 10.0; Win64; x64) AppleWebKit/537.36 (KHTML, like Gecko) Chrome/139.0.0.0 Safari/537.36",172.31.67.66,,,Thu Aug 28 2025 12:11:55 GMT-0400 (Eastern Daylight Time)
4404717f-ecef-485b-8207-83da6eb6d6c4,9a002ca6-ee3c-4ebb-953f-c602fdb3ecbd,login_success,password,Desktop,"Mozilla/5.0 (Windows NT 10.0; Win64; x64) AppleWebKit/537.36 (KHTML, like Gecko) Chrome/139.0.0.0 Safari/537.36",172.31.67.66,,,Thu Aug 28 2025 12:24:39 GMT-0400 (Eastern Daylight Time)
ffce29f1-53a1-4594-bb28-0bf7edb18021,9a002ca6-ee3c-4ebb-953f-c602fdb3ecbd,login_success,password,Desktop,"Mozilla/5.0 (Windows NT 10.0; Win64; x64) AppleWebKit/537.36 (KHTML, like Gecko) Chrome/139.0.0.0 Safari/537.36",172.31.67.66,,,Thu Aug 28 2025 12:35:13 GMT-0400 (Eastern Daylight Time)
ba81ec62-680b-4bbd-b550-0f0535d84c0d,9a002ca6-ee3c-4ebb-953f-c602fdb3ecbd,login_success,password,Desktop,"Mozilla/5.0 (Windows NT 10.0; Win64; x64) AppleWebKit/537.36 (KHTML, like Gecko) Chrome/139.0.0.0 Safari/537.36",172.31.67.66,,,Thu Aug 28 2025 13:05:42 GMT-0400 (Eastern Daylight Time)
9b7fed14-3c4d-49e9-b8a6-da3bceb28397,9a002ca6-ee3c-4ebb-953f-c602fdb3ecbd,login_success,password,Desktop,"Mozilla/5.0 (Windows NT 10.0; Win64; x64) AppleWebKit/537.36 (KHTML, like Gecko) Chrome/139.0.0.0 Safari/537.36",172.31.67.66,,,Thu Aug 28 2025 13:20:03 GMT-0400 (Eastern Daylight Time)
56f805a8-e113-4f50-a51e-49d5f1663999,9a002ca6-ee3c-4ebb-953f-c602fdb3ecbd,login_success,password,Desktop,"Mozilla/5.0 (Windows NT 10.0; Win64; x64) AppleWebKit/537.36 (KHTML, like Gecko) Chrome/139.0.0.0 Safari/537.36",172.31.67.66,,,Thu Aug 28 2025 13:27:36 GMT-0400 (Eastern Daylight Time)
bc3508e7-d5c0-4edc-a077-d79868237631,9a002ca6-ee3c-4ebb-953f-c602fdb3ecbd,login_success,password,Desktop,"Mozilla/5.0 (Windows NT 10.0; Win64; x64) AppleWebKit/537.36 (KHTML, like Gecko) Chrome/139.0.0.0 Safari/537.36",172.31.67.66,,,Thu Aug 28 2025 13:46:17 GMT-0400 (Eastern Daylight Time)
901ada5d-c83b-401e-b89f-77c397a8832e,9a002ca6-ee3c-4ebb-953f-c602fdb3ecbd,login_success,password,Desktop,"Mozilla/5.0 (Windows NT 10.0; Win64; x64) AppleWebKit/537.36 (KHTML, like Gecko) Chrome/139.0.0.0 Safari/537.36",172.31.67.130,,,Thu Aug 28 2025 17:40:13 GMT-0400 (Eastern Daylight Time)
c9873877-456b-44b4-890d-175bb7c729aa,9a002ca6-ee3c-4ebb-953f-c602fdb3ecbd,login_success,password,Desktop,"Mozilla/5.0 (Windows NT 10.0; Win64; x64) AppleWebKit/537.36 (KHTML, like Gecko) Chrome/139.0.0.0 Safari/537.36",172.31.82.130,,,Thu Aug 28 2025 18:10:46 GMT-0400 (Eastern Daylight Time)
72b4fd10-fdfd-4fd5-b847-14d9f31860a4,9a002ca6-ee3c-4ebb-953f-c602fdb3ecbd,login_success,password,Desktop,"Mozilla/5.0 (Windows NT 10.0; Win64; x64) AppleWebKit/537.36 (KHTML, like Gecko) Chrome/139.0.0.0 Safari/537.36",172.31.82.130,,,Thu Aug 28 2025 18:12:23 GMT-0400 (Eastern Daylight Time)
756ec625-5b23-4228-8545-955092ca2e93,9a002ca6-ee3c-4ebb-953f-c602fdb3ecbd,login_success,password,Desktop,"Mozilla/5.0 (Windows NT 10.0; Win64; x64) AppleWebKit/537.36 (KHTML, like Gecko) Chrome/139.0.0.0 Safari/537.36",172.31.82.130,,,Thu Aug 28 2025 18:32:48 GMT-0400 (Eastern Daylight Time)
47892de4-e523-4846-b0f4-ffa68a9b2570,9a002ca6-ee3c-4ebb-953f-c602fdb3ecbd,login_success,password,Desktop,"Mozilla/5.0 (Windows NT 10.0; Win64; x64) AppleWebKit/537.36 (KHTML, like Gecko) Chrome/139.0.0.0 Safari/537.36",172.31.82.130,,,Thu Aug 28 2025 18:37:48 GMT-0400 (Eastern Daylight Time)
66743595-6372-4111-b972-83651af6fa3f,9a002ca6-ee3c-4ebb-953f-c602fdb3ecbd,login_success,password,Desktop,"Mozilla/5.0 (Windows NT 10.0; Win64; x64) AppleWebKit/537.36 (KHTML, like Gecko) Chrome/139.0.0.0 Safari/537.36",172.31.82.130,,,Thu Aug 28 2025 18:47:18 GMT-0400 (Eastern Daylight Time)
a0a76a92-f752-4f1d-9289-fc76743c7d23,9a002ca6-ee3c-4ebb-953f-c602fdb3ecbd,login_success,password,Desktop,"Mozilla/5.0 (Windows NT 10.0; Win64; x64) AppleWebKit/537.36 (KHTML, like Gecko) Chrome/139.0.0.0 Safari/537.36",172.31.82.130,,,Thu Aug 28 2025 18:47:59 GMT-0400 (Eastern Daylight Time)
3a961224-3836-4430-83bc-4a718438baf6,9a002ca6-ee3c-4ebb-953f-c602fdb3ecbd,login_success,password,Desktop,"Mozilla/5.0 (Windows NT 10.0; Win64; x64) AppleWebKit/537.36 (KHTML, like Gecko) Chrome/139.0.0.0 Safari/537.36",172.31.82.130,,,Thu Aug 28 2025 18:48:39 GMT-0400 (Eastern Daylight Time)
a0b546f9-a486-484b-93fa-d6502bfb59a1,9a002ca6-ee3c-4ebb-953f-c602fdb3ecbd,login_success,password,Desktop,"Mozilla/5.0 (Windows NT 10.0; Win64; x64) AppleWebKit/537.36 (KHTML, like Gecko) Chrome/139.0.0.0 Safari/537.36",172.31.82.130,,,Thu Aug 28 2025 19:04:37 GMT-0400 (Eastern Daylight Time)
c2193656-7610-4275-90f1-1d11badeb5fe,9a002ca6-ee3c-4ebb-953f-c602fdb3ecbd,login_success,password,Desktop,"Mozilla/5.0 (Windows NT 10.0; Win64; x64) AppleWebKit/537.36 (KHTML, like Gecko) Chrome/139.0.0.0 Safari/537.36",172.31.82.130,,,Thu Aug 28 2025 19:12:39 GMT-0400 (Eastern Daylight Time)
2b836390-1e44-4364-acc4-d061bebecd8d,9a002ca6-ee3c-4ebb-953f-c602fdb3ecbd,login_success,password,Desktop,"Mozilla/5.0 (Windows NT 10.0; Win64; x64) AppleWebKit/537.36 (KHTML, like Gecko) Chrome/139.0.0.0 Safari/537.36",172.31.82.130,,,Thu Aug 28 2025 19:14:24 GMT-0400 (Eastern Daylight Time)
ce0d4226-02cd-4cb7-8c55-87fd2c25844a,9a002ca6-ee3c-4ebb-953f-c602fdb3ecbd,login_success,password,Desktop,"Mozilla/5.0 (Windows NT 10.0; Win64; x64) AppleWebKit/537.36 (KHTML, like Gecko) Chrome/139.0.0.0 Safari/537.36",172.31.82.130,,,Thu Aug 28 2025 19:17:24 GMT-0400 (Eastern Daylight Time)
4810d075-9d7e-4ae9-91af-77c9089558f7,9a002ca6-ee3c-4ebb-953f-c602fdb3ecbd,login_success,password,Desktop,"Mozilla/5.0 (Windows NT 10.0; Win64; x64) AppleWebKit/537.36 (KHTML, like Gecko) Chrome/139.0.0.0 Safari/537.36",172.31.82.130,,,Thu Aug 28 2025 19:18:15 GMT-0400 (Eastern Daylight Time)
ba96d267-c8ee-4b62-9f17-402e1f78aef4,9a002ca6-ee3c-4ebb-953f-c602fdb3ecbd,login_success,password,Desktop,"Mozilla/5.0 (Windows NT 10.0; Win64; x64) AppleWebKit/537.36 (KHTML, like Gecko) Chrome/139.0.0.0 Safari/537.36",172.31.82.130,,,Thu Aug 28 2025 19:20:48 GMT-0400 (Eastern Daylight Time)
c8407628-65b7-4ab2-b012-2612ba721b0f,9a002ca6-ee3c-4ebb-953f-c602fdb3ecbd,login_success,password,Desktop,"Mozilla/5.0 (Windows NT 10.0; Win64; x64) AppleWebKit/537.36 (KHTML, like Gecko) Chrome/139.0.0.0 Safari/537.36",172.31.82.130,,,Thu Aug 28 2025 19:25:59 GMT-0400 (Eastern Daylight Time)
4f85c36f-a06c-4d59-bede-a63f7b10df47,9a002ca6-ee3c-4ebb-953f-c602fdb3ecbd,login_success,password,Desktop,"Mozilla/5.0 (Windows NT 10.0; Win64; x64) AppleWebKit/537.36 (KHTML, like Gecko) Chrome/139.0.0.0 Safari/537.36",172.31.82.130,,,Thu Aug 28 2025 19:28:58 GMT-0400 (Eastern Daylight Time)
b14452ac-eaad-4d01-be33-74c7f688e250,9a002ca6-ee3c-4ebb-953f-c602fdb3ecbd,login_success,password,Desktop,"Mozilla/5.0 (Windows NT 10.0; Win64; x64) AppleWebKit/537.36 (KHTML, like Gecko) Chrome/139.0.0.0 Safari/537.36",172.31.82.130,,,Thu Aug 28 2025 19:35:16 GMT-0400 (Eastern Daylight Time)
a028e3fd-4149-476b-ba37-b9b15503c282,9a002ca6-ee3c-4ebb-953f-c602fdb3ecbd,login_success,password,Desktop,"Mozilla/5.0 (Windows NT 10.0; Win64; x64) AppleWebKit/537.36 (KHTML, like Gecko) Chrome/139.0.0.0 Safari/537.36",172.31.82.130,,,Thu Aug 28 2025 19:47:16 GMT-0400 (Eastern Daylight Time)
fc9fe3b0-ede6-4287-9fef-af20aacde02d,9a002ca6-ee3c-4ebb-953f-c602fdb3ecbd,login_success,password,Desktop,"Mozilla/5.0 (Windows NT 10.0; Win64; x64) AppleWebKit/537.36 (KHTML, like Gecko) Chrome/139.0.0.0 Safari/537.36",172.31.82.130,,,Thu Aug 28 2025 20:03:59 GMT-0400 (Eastern Daylight Time)
f8c8902e-1c14-4c95-ac80-763a37ba8f8b,9a002ca6-ee3c-4ebb-953f-c602fdb3ecbd,login_success,password,Desktop,"Mozilla/5.0 (Windows NT 10.0; Win64; x64) AppleWebKit/537.36 (KHTML, like Gecko) Chrome/139.0.0.0 Safari/537.36",172.31.82.130,,,Thu Aug 28 2025 20:09:08 GMT-0400 (Eastern Daylight Time)
dcbfb8d0-6e9f-4a25-b787-addee9946e20,9a002ca6-ee3c-4ebb-953f-c602fdb3ecbd,login_success,password,Desktop,"Mozilla/5.0 (Windows NT 10.0; Win64; x64) AppleWebKit/537.36 (KHTML, like Gecko) Chrome/139.0.0.0 Safari/537.36",172.31.82.130,,,Thu Aug 28 2025 20:13:09 GMT-0400 (Eastern Daylight Time)
3484280e-b871-4f7f-a4b0-4c4eebf19f3a,9a002ca6-ee3c-4ebb-953f-c602fdb3ecbd,login_success,password,Desktop,"Mozilla/5.0 (Windows NT 10.0; Win64; x64) AppleWebKit/537.36 (KHTML, like Gecko) Chrome/139.0.0.0 Safari/537.36",172.31.82.130,,,Thu Aug 28 2025 20:19:10 GMT-0400 (Eastern Daylight Time)
0b84df2f-f542-48d3-8dda-a2fe66494677,9a002ca6-ee3c-4ebb-953f-c602fdb3ecbd,login_success,password,Desktop,"Mozilla/5.0 (Windows NT 10.0; Win64; x64) AppleWebKit/537.36 (KHTML, like Gecko) Chrome/139.0.0.0 Safari/537.36",172.31.82.130,,,Thu Aug 28 2025 20:21:24 GMT-0400 (Eastern Daylight Time)
556f26c0-ae3d-4d91-b188-48090bbdc303,9a002ca6-ee3c-4ebb-953f-c602fdb3ecbd,login_success,password,Desktop,"Mozilla/5.0 (Windows NT 10.0; Win64; x64) AppleWebKit/537.36 (KHTML, like Gecko) Chrome/139.0.0.0 Safari/537.36",172.31.82.130,,,Thu Aug 28 2025 20:22:59 GMT-0400 (Eastern Daylight Time)
0c09ff68-abd0-46f2-8f26-d11092b76015,9a002ca6-ee3c-4ebb-953f-c602fdb3ecbd,login_success,password,Desktop,"Mozilla/5.0 (Windows NT 10.0; Win64; x64) AppleWebKit/537.36 (KHTML, like Gecko) Chrome/139.0.0.0 Safari/537.36",172.31.82.130,,,Thu Aug 28 2025 20:29:27 GMT-0400 (Eastern Daylight Time)
f9c9b97a-f34c-42ae-b4d5-cab3903ffbef,9a002ca6-ee3c-4ebb-953f-c602fdb3ecbd,login_success,password,Desktop,"Mozilla/5.0 (Windows NT 10.0; Win64; x64) AppleWebKit/537.36 (KHTML, like Gecko) Chrome/139.0.0.0 Safari/537.36",172.31.82.130,,,Thu Aug 28 2025 20:37:52 GMT-0400 (Eastern Daylight Time)
7e66b2e1-5070-4a9c-b698-a89a26aa77ba,9a002ca6-ee3c-4ebb-953f-c602fdb3ecbd,login_success,password,Desktop,"Mozilla/5.0 (Windows NT 10.0; Win64; x64) AppleWebKit/537.36 (KHTML, like Gecko) Chrome/139.0.0.0 Safari/537.36",172.31.82.130,,,Thu Aug 28 2025 20:53:30 GMT-0400 (Eastern Daylight Time)
5f3046b4-0ec1-4612-a924-5be0d905c21b,9a002ca6-ee3c-4ebb-953f-c602fdb3ecbd,login_success,password,Desktop,"Mozilla/5.0 (Windows NT 10.0; Win64; x64) AppleWebKit/537.36 (KHTML, like Gecko) Chrome/139.0.0.0 Safari/537.36",172.31.82.130,,,Thu Aug 28 2025 20:57:18 GMT-0400 (Eastern Daylight Time)
3ace86a5-8bec-4a4f-a352-8cd3858df641,9a002ca6-ee3c-4ebb-953f-c602fdb3ecbd,login_success,password,Desktop,"Mozilla/5.0 (Windows NT 10.0; Win64; x64) AppleWebKit/537.36 (KHTML, like Gecko) Chrome/139.0.0.0 Safari/537.36",172.31.123.194,,,Thu Aug 28 2025 23:04:25 GMT-0400 (Eastern Daylight Time)
3e8a2805-b1e1-4715-ae8a-8ce107896758,9a002ca6-ee3c-4ebb-953f-c602fdb3ecbd,login_success,password,Desktop,"Mozilla/5.0 (Windows NT 10.0; Win64; x64) AppleWebKit/537.36 (KHTML, like Gecko) Chrome/139.0.0.0 Safari/537.36",172.31.126.34,,,Thu Aug 28 2025 23:29:09 GMT-0400 (Eastern Daylight Time)
1c588c1f-5272-4953-82d7-f42ca5626e23,9a002ca6-ee3c-4ebb-953f-c602fdb3ecbd,login_success,password,Desktop,"Mozilla/5.0 (Windows NT 10.0; Win64; x64) AppleWebKit/537.36 (KHTML, like Gecko) Chrome/139.0.0.0 Safari/537.36",172.31.126.34,,,Thu Aug 28 2025 23:35:59 GMT-0400 (Eastern Daylight Time)
4a088cc4-22e4-4d58-99c1-c6cecf5889e9,9a002ca6-ee3c-4ebb-953f-c602fdb3ecbd,login_success,password,Desktop,"Mozilla/5.0 (Windows NT 10.0; Win64; x64) AppleWebKit/537.36 (KHTML, like Gecko) Chrome/139.0.0.0 Safari/537.36",172.31.126.34,,,Thu Aug 28 2025 23:39:35 GMT-0400 (Eastern Daylight Time)
24056c24-2389-4a70-bca3-406808bd7df3,9a002ca6-ee3c-4ebb-953f-c602fdb3ecbd,login_success,password,Desktop,"Mozilla/5.0 (Windows NT 10.0; Win64; x64) AppleWebKit/537.36 (KHTML, like Gecko) Chrome/139.0.0.0 Safari/537.36",172.31.126.34,,,Thu Aug 28 2025 23:41:48 GMT-0400 (Eastern Daylight Time)
f6c22d35-aa59-4064-a515-dfe2f872af43,9a002ca6-ee3c-4ebb-953f-c602fdb3ecbd,login_success,password,Desktop,"Mozilla/5.0 (Windows NT 10.0; Win64; x64) AppleWebKit/537.36 (KHTML, like Gecko) Chrome/139.0.0.0 Safari/537.36",172.31.126.34,,,Fri Aug 29 2025 00:02:09 GMT-0400 (Eastern Daylight Time)
5c0eaeae-25bd-478b-b2bd-31a05e93b7ce,9a002ca6-ee3c-4ebb-953f-c602fdb3ecbd,login_failure,password,Desktop,"Mozilla/5.0 (Windows NT 10.0; Win64; x64) AppleWebKit/537.36 (KHTML, like Gecko) Chrome/139.0.0.0 Safari/537.36",172.31.126.34,,,Fri Aug 29 2025 00:58:04 GMT-0400 (Eastern Daylight Time)
7e05c5ed-70fa-48aa-bd29-05dd0bf82189,9a002ca6-ee3c-4ebb-953f-c602fdb3ecbd,login_success,password,Desktop,"Mozilla/5.0 (Windows NT 10.0; Win64; x64) AppleWebKit/537.36 (KHTML, like Gecko) Chrome/139.0.0.0 Safari/537.36",172.31.126.34,,,Fri Aug 29 2025 00:58:32 GMT-0400 (Eastern Daylight Time)
359bbf7a-32e4-4390-a8a3-265e94d74e19,9a002ca6-ee3c-4ebb-953f-c602fdb3ecbd,login_success,password,Desktop,"Mozilla/5.0 (Windows NT 10.0; Win64; x64) AppleWebKit/537.36 (KHTML, like Gecko) Chrome/139.0.0.0 Safari/537.36",172.31.111.162,,,Fri Aug 29 2025 01:21:25 GMT-0400 (Eastern Daylight Time)
64dea2cf-241a-46fc-bfca-a0f154a82957,9a002ca6-ee3c-4ebb-953f-c602fdb3ecbd,login_success,password,Desktop,"Mozilla/5.0 (Windows NT 10.0; Win64; x64) AppleWebKit/537.36 (KHTML, like Gecko) Chrome/139.0.0.0 Safari/537.36",172.31.124.194,,,Fri Aug 29 2025 01:52:40 GMT-0400 (Eastern Daylight Time)
11fd4806-d34d-40df-9bd1-b81218faa291,9a002ca6-ee3c-4ebb-953f-c602fdb3ecbd,login_success,password,Desktop,"Mozilla/5.0 (Windows NT 10.0; Win64; x64) AppleWebKit/537.36 (KHTML, like Gecko) Chrome/139.0.0.0 Safari/537.36",172.31.105.130,,,Fri Aug 29 2025 03:15:08 GMT-0400 (Eastern Daylight Time)
5fcd3304-8c25-4c34-b8d4-8185b1bd2e46,9a002ca6-ee3c-4ebb-953f-c602fdb3ecbd,login_success,password,Desktop,"Mozilla/5.0 (Windows NT 10.0; Win64; x64) AppleWebKit/537.36 (KHTML, like Gecko) Chrome/139.0.0.0 Safari/537.36",172.31.70.2,,,Fri Aug 29 2025 10:14:42 GMT-0400 (Eastern Daylight Time)
bc695a0f-fe98-4f31-adf8-0671006c9acc,9a002ca6-ee3c-4ebb-953f-c602fdb3ecbd,login_success,password,Desktop,"Mozilla/5.0 (Windows NT 10.0; Win64; x64) AppleWebKit/537.36 (KHTML, like Gecko) Chrome/139.0.0.0 Safari/537.36",172.31.70.2,,,Fri Aug 29 2025 11:02:54 GMT-0400 (Eastern Daylight Time)
56a53069-a9dc-4acd-a7f9-e924582bb997,9a002ca6-ee3c-4ebb-953f-c602fdb3ecbd,login_success,password,Desktop,"Mozilla/5.0 (Windows NT 10.0; Win64; x64) AppleWebKit/537.36 (KHTML, like Gecko) Chrome/139.0.0.0 Safari/537.36",172.31.70.2,,,Fri Aug 29 2025 11:06:46 GMT-0400 (Eastern Daylight Time)
09f4515d-1e92-428f-a4af-6077152789fe,9a002ca6-ee3c-4ebb-953f-c602fdb3ecbd,login_failure,password,Desktop,curl/8.14.1,127.0.0.1,,,Fri Aug 29 2025 11:08:46 GMT-0400 (Eastern Daylight Time)
062973ff-027f-4431-a325-fe2a8114eb9a,9a002ca6-ee3c-4ebb-953f-c602fdb3ecbd,login_success,password,Desktop,"Mozilla/5.0 (Windows NT 10.0; Win64; x64) AppleWebKit/537.36 (KHTML, like Gecko) Chrome/139.0.0.0 Safari/537.36",172.31.70.2,,,Fri Aug 29 2025 11:24:54 GMT-0400 (Eastern Daylight Time)
f2cb971d-d571-43b9-8927-46b505c92ab4,9a002ca6-ee3c-4ebb-953f-c602fdb3ecbd,login_success,password,Desktop,"Mozilla/5.0 (Windows NT 10.0; Win64; x64) AppleWebKit/537.36 (KHTML, like Gecko) Chrome/139.0.0.0 Safari/537.36",172.31.70.2,,,Fri Aug 29 2025 11:32:21 GMT-0400 (Eastern Daylight Time)
71bc9751-b5f7-47bd-bd60-5fdd74c6e535,9a002ca6-ee3c-4ebb-953f-c602fdb3ecbd,login_success,password,Desktop,"Mozilla/5.0 (Windows NT 10.0; Win64; x64) AppleWebKit/537.36 (KHTML, like Gecko) Chrome/139.0.0.0 Safari/537.36",172.31.70.2,,,Fri Aug 29 2025 11:46:10 GMT-0400 (Eastern Daylight Time)
3a4b41b9-c1b6-4da2-b913-58977e1ffc5a,9a002ca6-ee3c-4ebb-953f-c602fdb3ecbd,login_success,password,Desktop,"Mozilla/5.0 (Windows NT 10.0; Win64; x64) AppleWebKit/537.36 (KHTML, like Gecko) Chrome/139.0.0.0 Safari/537.36",172.31.86.162,,,Fri Aug 29 2025 15:25:46 GMT-0400 (Eastern Daylight Time)
e994b9ba-312f-4f1e-a8e5-338f44d6c383,9a002ca6-ee3c-4ebb-953f-c602fdb3ecbd,login_success,password,Desktop,"Mozilla/5.0 (Windows NT 10.0; Win64; x64) AppleWebKit/537.36 (KHTML, like Gecko) Chrome/139.0.0.0 Safari/537.36",172.31.86.162,,,Fri Aug 29 2025 15:48:26 GMT-0400 (Eastern Daylight Time)
951af7e0-29ee-464d-9469-b1640a4ad9ef,9a002ca6-ee3c-4ebb-953f-c602fdb3ecbd,login_failure,password,Desktop,"Mozilla/5.0 (Windows NT 10.0; Win64; x64) AppleWebKit/537.36 (KHTML, like Gecko) Chrome/139.0.0.0 Safari/537.36",172.31.71.2,,,Fri Aug 29 2025 22:37:43 GMT-0400 (Eastern Daylight Time)
6fc78ce2-7b12-473b-8a08-d7ca8e659234,9a002ca6-ee3c-4ebb-953f-c602fdb3ecbd,login_success,password,Desktop,"Mozilla/5.0 (Windows NT 10.0; Win64; x64) AppleWebKit/537.36 (KHTML, like Gecko) Chrome/139.0.0.0 Safari/537.36",172.31.71.2,,,Fri Aug 29 2025 22:37:48 GMT-0400 (Eastern Daylight Time)
9efb60bc-f855-49e7-9455-d2ff7bce3b5d,9a002ca6-ee3c-4ebb-953f-c602fdb3ecbd,login_success,password,Desktop,"Mozilla/5.0 (Windows NT 10.0; Win64; x64) AppleWebKit/537.36 (KHTML, like Gecko) Chrome/139.0.0.0 Safari/537.36",172.31.93.226,,,Fri Aug 29 2025 23:03:08 GMT-0400 (Eastern Daylight Time)
0e45d686-e971-4bb8-aa60-e902a2683c2d,9a002ca6-ee3c-4ebb-953f-c602fdb3ecbd,login_success,password,Desktop,"Mozilla/5.0 (Windows NT 10.0; Win64; x64) AppleWebKit/537.36 (KHTML, like Gecko) Chrome/139.0.0.0 Safari/537.36",172.31.93.226,,,Fri Aug 29 2025 23:09:03 GMT-0400 (Eastern Daylight Time)
607931f3-150f-429b-a823-762051e19975,9a002ca6-ee3c-4ebb-953f-c602fdb3ecbd,login_success,password,Desktop,"Mozilla/5.0 (Windows NT 10.0; Win64; x64) AppleWebKit/537.36 (KHTML, like Gecko) Chrome/139.0.0.0 Safari/537.36",172.31.93.226,,,Fri Aug 29 2025 23:09:59 GMT-0400 (Eastern Daylight Time)
67b9666d-bfcc-4c7a-922e-704af0891703,9a002ca6-ee3c-4ebb-953f-c602fdb3ecbd,login_success,password,Desktop,"Mozilla/5.0 (Windows NT 10.0; Win64; x64) AppleWebKit/537.36 (KHTML, like Gecko) Chrome/139.0.0.0 Safari/537.36",172.31.93.226,,,Fri Aug 29 2025 23:10:45 GMT-0400 (Eastern Daylight Time)
d00390e6-9702-49ef-b866-beb0a35001a2,9a002ca6-ee3c-4ebb-953f-c602fdb3ecbd,login_success,password,Desktop,"Mozilla/5.0 (Windows NT 10.0; Win64; x64) AppleWebKit/537.36 (KHTML, like Gecko) Chrome/139.0.0.0 Safari/537.36",172.31.93.226,,,Fri Aug 29 2025 23:28:09 GMT-0400 (Eastern Daylight Time)
dd5566d8-f6d2-491a-bcb6-c2d2c24f8749,9a002ca6-ee3c-4ebb-953f-c602fdb3ecbd,login_success,password,Desktop,"Mozilla/5.0 (Windows NT 10.0; Win64; x64) AppleWebKit/537.36 (KHTML, like Gecko) Chrome/139.0.0.0 Safari/537.36",172.31.109.66,,,Fri Aug 29 2025 23:52:51 GMT-0400 (Eastern Daylight Time)
c5937e34-09a2-42ed-b0b6-d31b88cb35c3,9a002ca6-ee3c-4ebb-953f-c602fdb3ecbd,login_success,password,Desktop,"Mozilla/5.0 (Windows NT 10.0; Win64; x64) AppleWebKit/537.36 (KHTML, like Gecko) Chrome/139.0.0.0 Safari/537.36",172.31.67.34,,,Sat Aug 30 2025 01:20:43 GMT-0400 (Eastern Daylight Time)
e5be9bb9-6208-4e4d-bd6e-ffd6a12e658d,9a002ca6-ee3c-4ebb-953f-c602fdb3ecbd,login_success,password,Desktop,"Mozilla/5.0 (Windows NT 10.0; Win64; x64) AppleWebKit/537.36 (KHTML, like Gecko) Chrome/139.0.0.0 Safari/537.36",172.31.67.34,,,Sat Aug 30 2025 01:21:52 GMT-0400 (Eastern Daylight Time)
3a1947a6-34a6-4b77-9cff-16e615409d6c,9a002ca6-ee3c-4ebb-953f-c602fdb3ecbd,login_success,password,Desktop,"Mozilla/5.0 (Windows NT 10.0; Win64; x64) AppleWebKit/537.36 (KHTML, like Gecko) Chrome/139.0.0.0 Safari/537.36",172.31.67.34,,,Sat Aug 30 2025 01:26:04 GMT-0400 (Eastern Daylight Time)
90d452c6-d560-43e6-8ec0-570ac5e35384,9a002ca6-ee3c-4ebb-953f-c602fdb3ecbd,login_success,password,Desktop,"Mozilla/5.0 (Windows NT 10.0; Win64; x64) AppleWebKit/537.36 (KHTML, like Gecko) Chrome/139.0.0.0 Safari/537.36",172.31.67.34,,,Sat Aug 30 2025 01:26:44 GMT-0400 (Eastern Daylight Time)
bd1f51a6-6ecb-41db-979b-9ba79614f810,9a002ca6-ee3c-4ebb-953f-c602fdb3ecbd,login_success,password,Desktop,"Mozilla/5.0 (Windows NT 10.0; Win64; x64) AppleWebKit/537.36 (KHTML, like Gecko) Chrome/139.0.0.0 Safari/537.36",172.31.67.34,,,Sat Aug 30 2025 01:29:25 GMT-0400 (Eastern Daylight Time)
8252c49f-e9c2-4127-adeb-11ac68fbd708,9a002ca6-ee3c-4ebb-953f-c602fdb3ecbd,login_success,password,Desktop,"Mozilla/5.0 (Windows NT 10.0; Win64; x64) AppleWebKit/537.36 (KHTML, like Gecko) Chrome/139.0.0.0 Safari/537.36",172.31.67.34,,,Sat Aug 30 2025 01:33:21 GMT-0400 (Eastern Daylight Time)
fd72b1f6-cc67-4ea8-ab64-4cd240b3efb2,9a002ca6-ee3c-4ebb-953f-c602fdb3ecbd,login_success,password,Desktop,"Mozilla/5.0 (Windows NT 10.0; Win64; x64) AppleWebKit/537.36 (KHTML, like Gecko) Chrome/139.0.0.0 Safari/537.36",172.31.67.34,,,Sat Aug 30 2025 01:33:53 GMT-0400 (Eastern Daylight Time)
23e1cba5-063f-4113-9632-b09291069fae,9a002ca6-ee3c-4ebb-953f-c602fdb3ecbd,login_success,password,Desktop,"Mozilla/5.0 (Windows NT 10.0; Win64; x64) AppleWebKit/537.36 (KHTML, like Gecko) Chrome/139.0.0.0 Safari/537.36",172.31.67.34,,,Sat Aug 30 2025 01:38:28 GMT-0400 (Eastern Daylight Time)
73744551-4108-42fe-a1f6-684c055d77bd,9a002ca6-ee3c-4ebb-953f-c602fdb3ecbd,login_success,password,Desktop,"Mozilla/5.0 (Windows NT 10.0; Win64; x64) AppleWebKit/537.36 (KHTML, like Gecko) Chrome/139.0.0.0 Safari/537.36",172.31.67.34,,,Sat Aug 30 2025 01:38:46 GMT-0400 (Eastern Daylight Time)
078e562e-a2a6-4cc4-b11a-c252dd54bef2,9a002ca6-ee3c-4ebb-953f-c602fdb3ecbd,login_success,password,Desktop,"Mozilla/5.0 (Windows NT 10.0; Win64; x64) AppleWebKit/537.36 (KHTML, like Gecko) Chrome/139.0.0.0 Safari/537.36",172.31.67.34,,,Sat Aug 30 2025 01:40:57 GMT-0400 (Eastern Daylight Time)
5509a1c3-53cb-4ab6-ae80-afb8d93a3306,9a002ca6-ee3c-4ebb-953f-c602fdb3ecbd,login_success,password,Desktop,"Mozilla/5.0 (Windows NT 10.0; Win64; x64) AppleWebKit/537.36 (KHTML, like Gecko) Chrome/139.0.0.0 Safari/537.36",172.31.67.34,,,Sat Aug 30 2025 01:44:16 GMT-0400 (Eastern Daylight Time)
c8e332d8-8f25-4214-a9f6-2accf3124bc8,9a002ca6-ee3c-4ebb-953f-c602fdb3ecbd,login_success,password,Desktop,"Mozilla/5.0 (Windows NT 10.0; Win64; x64) AppleWebKit/537.36 (KHTML, like Gecko) Chrome/139.0.0.0 Safari/537.36",172.31.67.34,,,Sat Aug 30 2025 01:48:23 GMT-0400 (Eastern Daylight Time)
25c0d983-646c-4f7c-a82f-cb3f51b2da6c,9a002ca6-ee3c-4ebb-953f-c602fdb3ecbd,login_success,password,Desktop,"Mozilla/5.0 (Windows NT 10.0; Win64; x64) AppleWebKit/537.36 (KHTML, like Gecko) Chrome/139.0.0.0 Safari/537.36",172.31.67.34,,,Sat Aug 30 2025 01:53:55 GMT-0400 (Eastern Daylight Time)
301ab9a5-696a-4923-aa11-57d53f08951a,9a002ca6-ee3c-4ebb-953f-c602fdb3ecbd,login_success,password,Desktop,"Mozilla/5.0 (Windows NT 10.0; Win64; x64) AppleWebKit/537.36 (KHTML, like Gecko) Chrome/139.0.0.0 Safari/537.36",172.31.67.34,,,Sat Aug 30 2025 02:19:06 GMT-0400 (Eastern Daylight Time)
eb51c4b5-7c78-4fdb-8c03-dfe5cf1e92e4,9a002ca6-ee3c-4ebb-953f-c602fdb3ecbd,login_success,password,Desktop,"Mozilla/5.0 (Windows NT 10.0; Win64; x64) AppleWebKit/537.36 (KHTML, like Gecko) Chrome/139.0.0.0 Safari/537.36",172.31.67.34,,,Sat Aug 30 2025 02:24:51 GMT-0400 (Eastern Daylight Time)
88755743-db16-4e77-b598-0e6a4f7dcf77,9a002ca6-ee3c-4ebb-953f-c602fdb3ecbd,login_success,password,Desktop,"Mozilla/5.0 (Windows NT 10.0; Win64; x64) AppleWebKit/537.36 (KHTML, like Gecko) Chrome/139.0.0.0 Safari/537.36",172.31.67.34,,,Sat Aug 30 2025 02:32:45 GMT-0400 (Eastern Daylight Time)
2b1b4c28-6351-4297-a315-a8b0ef212157,9a002ca6-ee3c-4ebb-953f-c602fdb3ecbd,login_success,password,Desktop,"Mozilla/5.0 (Windows NT 10.0; Win64; x64) AppleWebKit/537.36 (KHTML, like Gecko) Chrome/139.0.0.0 Safari/537.36",172.31.67.34,,,Sat Aug 30 2025 02:52:19 GMT-0400 (Eastern Daylight Time)
e5894246-cd48-4a31-9cbd-69af1ef4ad43,9a002ca6-ee3c-4ebb-953f-c602fdb3ecbd,login_success,password,Desktop,"Mozilla/5.0 (Windows NT 10.0; Win64; x64) AppleWebKit/537.36 (KHTML, like Gecko) Chrome/139.0.0.0 Safari/537.36",172.31.89.34,,,Sat Aug 30 2025 14:36:35 GMT-0400 (Eastern Daylight Time)
e747a108-a4f1-404c-af1e-71874a76f69e,9a002ca6-ee3c-4ebb-953f-c602fdb3ecbd,login_success,password,Desktop,"Mozilla/5.0 (Windows NT 10.0; Win64; x64) AppleWebKit/537.36 (KHTML, like Gecko) Chrome/139.0.0.0 Safari/537.36",172.31.89.34,,,Sat Aug 30 2025 14:43:04 GMT-0400 (Eastern Daylight Time)
1cb3ac23-94bb-47de-bd8e-72ec7fa7ae5c,9a002ca6-ee3c-4ebb-953f-c602fdb3ecbd,login_success,password,Desktop,"Mozilla/5.0 (Windows NT 10.0; Win64; x64) AppleWebKit/537.36 (KHTML, like Gecko) Chrome/139.0.0.0 Safari/537.36",172.31.89.34,,,Sat Aug 30 2025 14:47:13 GMT-0400 (Eastern Daylight Time)
a8fa192e-89e8-488d-b6f2-074c249f7c03,9a002ca6-ee3c-4ebb-953f-c602fdb3ecbd,login_success,password,Desktop,"Mozilla/5.0 (Windows NT 10.0; Win64; x64) AppleWebKit/537.36 (KHTML, like Gecko) Chrome/139.0.0.0 Safari/537.36",172.31.89.34,,,Sat Aug 30 2025 14:49:20 GMT-0400 (Eastern Daylight Time)
01cd9a54-cb72-4766-acb2-996b991b6db5,9a002ca6-ee3c-4ebb-953f-c602fdb3ecbd,login_success,password,Desktop,"Mozilla/5.0 (Windows NT 10.0; Win64; x64) AppleWebKit/537.36 (KHTML, like Gecko) Chrome/139.0.0.0 Safari/537.36",172.31.89.34,,,Sat Aug 30 2025 14:53:20 GMT-0400 (Eastern Daylight Time)
53c0b821-b2c1-4592-84f0-30979a53950c,9a002ca6-ee3c-4ebb-953f-c602fdb3ecbd,login_success,password,Desktop,"Mozilla/5.0 (Windows NT 10.0; Win64; x64) AppleWebKit/537.36 (KHTML, like Gecko) Chrome/139.0.0.0 Safari/537.36",172.31.89.34,,,Sat Aug 30 2025 14:58:11 GMT-0400 (Eastern Daylight Time)
a7b0c6fe-3d34-4fbc-a781-b5edb81ea501,9a002ca6-ee3c-4ebb-953f-c602fdb3ecbd,login_success,password,Desktop,"Mozilla/5.0 (Windows NT 10.0; Win64; x64) AppleWebKit/537.36 (KHTML, like Gecko) Chrome/139.0.0.0 Safari/537.36",172.31.89.34,,,Sat Aug 30 2025 15:03:56 GMT-0400 (Eastern Daylight Time)
a5039ed0-502c-4c5b-bd89-cc58d0cc331c,9a002ca6-ee3c-4ebb-953f-c602fdb3ecbd,login_success,password,Desktop,"Mozilla/5.0 (Windows NT 10.0; Win64; x64) AppleWebKit/537.36 (KHTML, like Gecko) Chrome/139.0.0.0 Safari/537.36",172.31.89.34,,,Sat Aug 30 2025 15:05:02 GMT-0400 (Eastern Daylight Time)
0907be70-f291-42c3-b47b-3b9116915b86,9a002ca6-ee3c-4ebb-953f-c602fdb3ecbd,login_success,password,Desktop,"Mozilla/5.0 (Windows NT 10.0; Win64; x64) AppleWebKit/537.36 (KHTML, like Gecko) Chrome/139.0.0.0 Safari/537.36",172.31.89.34,,,Sat Aug 30 2025 15:17:45 GMT-0400 (Eastern Daylight Time)
1a37112f-af40-4e99-9c23-3d5447842f88,9a002ca6-ee3c-4ebb-953f-c602fdb3ecbd,login_success,password,Desktop,"Mozilla/5.0 (Windows NT 10.0; Win64; x64) AppleWebKit/537.36 (KHTML, like Gecko) Chrome/139.0.0.0 Safari/537.36",172.31.89.34,,,Sat Aug 30 2025 15:22:51 GMT-0400 (Eastern Daylight Time)
78420a6a-7aeb-4ca5-afcc-72b7f4b1d492,9a002ca6-ee3c-4ebb-953f-c602fdb3ecbd,login_success,password,Desktop,"Mozilla/5.0 (Windows NT 10.0; Win64; x64) AppleWebKit/537.36 (KHTML, like Gecko) Chrome/139.0.0.0 Safari/537.36",172.31.89.34,,,Sat Aug 30 2025 15:44:37 GMT-0400 (Eastern Daylight Time)
71b9135f-76c0-4c5c-ad6e-74e8e3ff1056,9a002ca6-ee3c-4ebb-953f-c602fdb3ecbd,login_success,password,Desktop,"Mozilla/5.0 (Windows NT 10.0; Win64; x64) AppleWebKit/537.36 (KHTML, like Gecko) Chrome/139.0.0.0 Safari/537.36",172.31.89.34,,,Sat Aug 30 2025 15:45:41 GMT-0400 (Eastern Daylight Time)
50a86115-c20a-41c6-9129-aee54f712bcc,9a002ca6-ee3c-4ebb-953f-c602fdb3ecbd,login_success,password,Desktop,"Mozilla/5.0 (Windows NT 10.0; Win64; x64) AppleWebKit/537.36 (KHTML, like Gecko) Chrome/139.0.0.0 Safari/537.36",172.31.89.34,,,Sat Aug 30 2025 16:04:51 GMT-0400 (Eastern Daylight Time)
3c5e6c95-270e-4933-94cc-2770c563b63b,9a002ca6-ee3c-4ebb-953f-c602fdb3ecbd,login_success,password,Desktop,"Mozilla/5.0 (Windows NT 10.0; Win64; x64) AppleWebKit/537.36 (KHTML, like Gecko) Chrome/139.0.0.0 Safari/537.36",172.31.89.34,,,Sat Aug 30 2025 16:13:23 GMT-0400 (Eastern Daylight Time)
972ac95b-eae9-4fbe-b28f-337d5098d500,9a002ca6-ee3c-4ebb-953f-c602fdb3ecbd,login_success,password,Desktop,"Mozilla/5.0 (Windows NT 10.0; Win64; x64) AppleWebKit/537.36 (KHTML, like Gecko) Chrome/139.0.0.0 Safari/537.36",172.31.89.34,,,Sat Aug 30 2025 16:13:59 GMT-0400 (Eastern Daylight Time)
f801bdbe-3207-45a0-ab6b-20602963e05b,9a002ca6-ee3c-4ebb-953f-c602fdb3ecbd,login_success,password,Desktop,"Mozilla/5.0 (Windows NT 10.0; Win64; x64) AppleWebKit/537.36 (KHTML, like Gecko) Chrome/139.0.0.0 Safari/537.36",172.31.89.34,,,Sat Aug 30 2025 16:42:37 GMT-0400 (Eastern Daylight Time)
d8e20e14-4bf3-4778-ab62-5de37c564efa,9a002ca6-ee3c-4ebb-953f-c602fdb3ecbd,login_failure,password,Desktop,"Mozilla/5.0 (Windows NT 10.0; Win64; x64) AppleWebKit/537.36 (KHTML, like Gecko) Chrome/139.0.0.0 Safari/537.36",172.31.89.34,,,Sat Aug 30 2025 16:45:06 GMT-0400 (Eastern Daylight Time)
a9c0c6f1-58a7-44b7-822e-1c59d6e31d26,9a002ca6-ee3c-4ebb-953f-c602fdb3ecbd,login_success,password,Desktop,"Mozilla/5.0 (Windows NT 10.0; Win64; x64) AppleWebKit/537.36 (KHTML, like Gecko) Chrome/139.0.0.0 Safari/537.36",172.31.89.34,,,Sat Aug 30 2025 16:45:13 GMT-0400 (Eastern Daylight Time)
bc8fb994-b8a7-4f2f-b11f-1729f51e3253,9a002ca6-ee3c-4ebb-953f-c602fdb3ecbd,login_success,password,Desktop,"Mozilla/5.0 (Windows NT 10.0; Win64; x64) AppleWebKit/537.36 (KHTML, like Gecko) Chrome/139.0.0.0 Safari/537.36",172.31.89.34,,,Sat Aug 30 2025 16:58:11 GMT-0400 (Eastern Daylight Time)
a3dc7a58-f7f9-4d3b-a0da-f3c8e614acda,9a002ca6-ee3c-4ebb-953f-c602fdb3ecbd,login_success,password,Desktop,"Mozilla/5.0 (Windows NT 10.0; Win64; x64) AppleWebKit/537.36 (KHTML, like Gecko) Chrome/139.0.0.0 Safari/537.36",172.31.89.34,,,Sat Aug 30 2025 17:00:09 GMT-0400 (Eastern Daylight Time)
cd69ca04-465a-4406-b73a-406ec01c44ff,9a002ca6-ee3c-4ebb-953f-c602fdb3ecbd,login_success,password,Desktop,"Mozilla/5.0 (Windows NT 10.0; Win64; x64) AppleWebKit/537.36 (KHTML, like Gecko) Chrome/139.0.0.0 Safari/537.36",172.31.89.34,,,Sat Aug 30 2025 17:08:10 GMT-0400 (Eastern Daylight Time)
b7b375ef-1c98-4006-8567-a02774ff7740,9a002ca6-ee3c-4ebb-953f-c602fdb3ecbd,login_success,password,Desktop,"Mozilla/5.0 (Windows NT 10.0; Win64; x64) AppleWebKit/537.36 (KHTML, like Gecko) Chrome/139.0.0.0 Safari/537.36",172.31.89.34,,,Sat Aug 30 2025 17:13:41 GMT-0400 (Eastern Daylight Time)
7ec2c09c-142d-40da-b259-88df0e24312c,9a002ca6-ee3c-4ebb-953f-c602fdb3ecbd,login_success,password,Desktop,"Mozilla/5.0 (Windows NT 10.0; Win64; x64) AppleWebKit/537.36 (KHTML, like Gecko) Chrome/139.0.0.0 Safari/537.36",172.31.89.34,,,Sat Aug 30 2025 21:16:05 GMT-0400 (Eastern Daylight Time)
e4022ec1-1000-4dd4-9254-a150fd400fcd,9a002ca6-ee3c-4ebb-953f-c602fdb3ecbd,login_success,password,Desktop,"Mozilla/5.0 (Windows NT 10.0; Win64; x64) AppleWebKit/537.36 (KHTML, like Gecko) Chrome/139.0.0.0 Safari/537.36",172.31.89.34,,,Sat Aug 30 2025 21:59:41 GMT-0400 (Eastern Daylight Time)
6240560d-5349-47f3-8868-83ace8a60961,9a002ca6-ee3c-4ebb-953f-c602fdb3ecbd,login_success,password,Desktop,"Mozilla/5.0 (Windows NT 10.0; Win64; x64) AppleWebKit/537.36 (KHTML, like Gecko) Chrome/139.0.0.0 Safari/537.36",172.31.92.2,,,Sun Aug 31 2025 16:33:12 GMT-0400 (Eastern Daylight Time)
167e2450-c61e-429b-80aa-8959827c75f6,9a002ca6-ee3c-4ebb-953f-c602fdb3ecbd,login_success,password,Desktop,"Mozilla/5.0 (Windows NT 10.0; Win64; x64) AppleWebKit/537.36 (KHTML, like Gecko) Chrome/139.0.0.0 Safari/537.36",172.31.92.2,,,Sun Aug 31 2025 16:37:10 GMT-0400 (Eastern Daylight Time)
75c9cb15-5514-4e46-8ead-dde29c27f066,9a002ca6-ee3c-4ebb-953f-c602fdb3ecbd,login_success,password,Desktop,"Mozilla/5.0 (Windows NT 10.0; Win64; x64) AppleWebKit/537.36 (KHTML, like Gecko) Chrome/139.0.0.0 Safari/537.36",172.31.92.2,,,Sun Aug 31 2025 16:37:55 GMT-0400 (Eastern Daylight Time)
8ff30364-c873-45ad-bdad-2c3656569e49,9a002ca6-ee3c-4ebb-953f-c602fdb3ecbd,login_success,password,Desktop,"Mozilla/5.0 (Windows NT 10.0; Win64; x64) AppleWebKit/537.36 (KHTML, like Gecko) Chrome/139.0.0.0 Safari/537.36",172.31.92.2,,,Sun Aug 31 2025 16:40:41 GMT-0400 (Eastern Daylight Time)
bfc33dc2-0e4d-4a8a-973e-a1e450aa00f2,9a002ca6-ee3c-4ebb-953f-c602fdb3ecbd,login_success,password,Desktop,"Mozilla/5.0 (Windows NT 10.0; Win64; x64) AppleWebKit/537.36 (KHTML, like Gecko) Chrome/139.0.0.0 Safari/537.36",172.31.92.2,,,Sun Aug 31 2025 16:46:22 GMT-0400 (Eastern Daylight Time)
f4707385-64af-4f65-ac92-1763398bbf06,9a002ca6-ee3c-4ebb-953f-c602fdb3ecbd,login_success,password,Desktop,"Mozilla/5.0 (Windows NT 10.0; Win64; x64) AppleWebKit/537.36 (KHTML, like Gecko) Chrome/139.0.0.0 Safari/537.36",172.31.92.2,,,Sun Aug 31 2025 16:47:02 GMT-0400 (Eastern Daylight Time)
ed15cb98-6c76-4068-bbff-63118c947e81,9a002ca6-ee3c-4ebb-953f-c602fdb3ecbd,login_success,password,Desktop,"Mozilla/5.0 (Windows NT 10.0; Win64; x64) AppleWebKit/537.36 (KHTML, like Gecko) Chrome/139.0.0.0 Safari/537.36",172.31.92.2,,,Sun Aug 31 2025 16:57:03 GMT-0400 (Eastern Daylight Time)
70651c21-ff16-4a17-85a1-d1c256aba78d,9a002ca6-ee3c-4ebb-953f-c602fdb3ecbd,login_success,password,Desktop,"Mozilla/5.0 (Windows NT 10.0; Win64; x64) AppleWebKit/537.36 (KHTML, like Gecko) Chrome/139.0.0.0 Safari/537.36",172.31.92.2,,,Sun Aug 31 2025 16:58:59 GMT-0400 (Eastern Daylight Time)
6ba64ce8-6c56-400e-86dd-546a2d78cfa9,9a002ca6-ee3c-4ebb-953f-c602fdb3ecbd,login_success,password,Desktop,"Mozilla/5.0 (Windows NT 10.0; Win64; x64) AppleWebKit/537.36 (KHTML, like Gecko) Chrome/139.0.0.0 Safari/537.36",172.31.92.2,,,Sun Aug 31 2025 16:59:36 GMT-0400 (Eastern Daylight Time)
ffbe6f4a-1d5e-460f-8f82-91c9b75daf7a,9a002ca6-ee3c-4ebb-953f-c602fdb3ecbd,login_success,password,Desktop,"Mozilla/5.0 (Windows NT 10.0; Win64; x64) AppleWebKit/537.36 (KHTML, like Gecko) Chrome/139.0.0.0 Safari/537.36",172.31.92.2,,,Sun Aug 31 2025 17:00:09 GMT-0400 (Eastern Daylight Time)
93cae70e-6bc4-4dac-8cd3-ee494f4d4c77,9a002ca6-ee3c-4ebb-953f-c602fdb3ecbd,login_success,password,Desktop,"Mozilla/5.0 (Windows NT 10.0; Win64; x64) AppleWebKit/537.36 (KHTML, like Gecko) Chrome/139.0.0.0 Safari/537.36",172.31.92.2,,,Sun Aug 31 2025 17:01:49 GMT-0400 (Eastern Daylight Time)
edc44c70-174a-461f-b813-d97bdd55282f,9a002ca6-ee3c-4ebb-953f-c602fdb3ecbd,login_success,password,Desktop,"Mozilla/5.0 (Windows NT 10.0; Win64; x64) AppleWebKit/537.36 (KHTML, like Gecko) Chrome/139.0.0.0 Safari/537.36",172.31.92.2,,,Sun Aug 31 2025 17:16:13 GMT-0400 (Eastern Daylight Time)
ebba250e-13c2-4267-a049-a7ce7791f4ca,9a002ca6-ee3c-4ebb-953f-c602fdb3ecbd,login_success,password,Desktop,"Mozilla/5.0 (Windows NT 10.0; Win64; x64) AppleWebKit/537.36 (KHTML, like Gecko) Chrome/139.0.0.0 Safari/537.36",172.31.92.2,,,Sun Aug 31 2025 17:17:47 GMT-0400 (Eastern Daylight Time)
f4f48804-ae77-4a23-ac1c-ea272fe13463,9a002ca6-ee3c-4ebb-953f-c602fdb3ecbd,login_success,password,Desktop,"Mozilla/5.0 (Windows NT 10.0; Win64; x64) AppleWebKit/537.36 (KHTML, like Gecko) Chrome/139.0.0.0 Safari/537.36",172.31.92.2,,,Sun Aug 31 2025 17:23:17 GMT-0400 (Eastern Daylight Time)
01b8779b-27e0-4831-bc6e-4abdd2d3cb5a,9a002ca6-ee3c-4ebb-953f-c602fdb3ecbd,login_success,password,Desktop,"Mozilla/5.0 (Windows NT 10.0; Win64; x64) AppleWebKit/537.36 (KHTML, like Gecko) Chrome/139.0.0.0 Safari/537.36",172.31.92.2,,,Sun Aug 31 2025 17:28:08 GMT-0400 (Eastern Daylight Time)
c414f905-4923-4799-8ac6-cacc1512aa4b,9a002ca6-ee3c-4ebb-953f-c602fdb3ecbd,login_success,password,Desktop,"Mozilla/5.0 (Windows NT 10.0; Win64; x64) AppleWebKit/537.36 (KHTML, like Gecko) Chrome/139.0.0.0 Safari/537.36",172.31.92.2,,,Sun Aug 31 2025 17:38:16 GMT-0400 (Eastern Daylight Time)
953f3be0-54a3-44db-9450-948286d98754,9a002ca6-ee3c-4ebb-953f-c602fdb3ecbd,login_success,password,Desktop,"Mozilla/5.0 (Windows NT 10.0; Win64; x64) AppleWebKit/537.36 (KHTML, like Gecko) Chrome/139.0.0.0 Safari/537.36",172.31.92.2,,,Sun Aug 31 2025 17:40:43 GMT-0400 (Eastern Daylight Time)
72d6a384-cfb3-48f7-b5b8-24e2a70e9503,9a002ca6-ee3c-4ebb-953f-c602fdb3ecbd,login_success,password,Desktop,"Mozilla/5.0 (Windows NT 10.0; Win64; x64) AppleWebKit/537.36 (KHTML, like Gecko) Chrome/139.0.0.0 Safari/537.36",172.31.92.2,,,Sun Aug 31 2025 17:51:05 GMT-0400 (Eastern Daylight Time)
433074ec-b0ac-4541-9ce3-ec633de35f0d,9a002ca6-ee3c-4ebb-953f-c602fdb3ecbd,login_success,password,Desktop,"Mozilla/5.0 (Windows NT 10.0; Win64; x64) AppleWebKit/537.36 (KHTML, like Gecko) Chrome/139.0.0.0 Safari/537.36",172.31.101.66,,,Sun Aug 31 2025 17:52:25 GMT-0400 (Eastern Daylight Time)
83b73740-e2b3-4617-b269-2fb6c8372f25,9a002ca6-ee3c-4ebb-953f-c602fdb3ecbd,login_success,password,Desktop,"Mozilla/5.0 (Windows NT 10.0; Win64; x64) AppleWebKit/537.36 (KHTML, like Gecko) Chrome/139.0.0.0 Safari/537.36",172.31.101.66,,,Sun Aug 31 2025 18:27:25 GMT-0400 (Eastern Daylight Time)
4d0ca20d-d908-4e72-b806-9e17b202048a,9a002ca6-ee3c-4ebb-953f-c602fdb3ecbd,login_success,password,Desktop,"Mozilla/5.0 (Windows NT 10.0; Win64; x64) AppleWebKit/537.36 (KHTML, like Gecko) Chrome/139.0.0.0 Safari/537.36",172.31.101.66,,,Sun Aug 31 2025 19:39:07 GMT-0400 (Eastern Daylight Time)
8342dbf3-b3f7-4444-994f-ad6f4168d1a2,9a002ca6-ee3c-4ebb-953f-c602fdb3ecbd,login_success,password,Desktop,"Mozilla/5.0 (Windows NT 10.0; Win64; x64) AppleWebKit/537.36 (KHTML, like Gecko) Chrome/139.0.0.0 Safari/537.36",172.31.79.130,,,Mon Sep 01 2025 20:34:27 GMT-0400 (Eastern Daylight Time)
311dc66e-5ece-426d-900c-a2a9bd8d7336,9a002ca6-ee3c-4ebb-953f-c602fdb3ecbd,login_success,password,Desktop,"Mozilla/5.0 (Windows NT 10.0; Win64; x64) AppleWebKit/537.36 (KHTML, like Gecko) Chrome/140.0.0.0 Safari/537.36",172.31.74.130,,,Sun Sep 21 2025 17:12:26 GMT-0400 (Eastern Daylight Time)
3766dd74-4438-456a-a100-e1b0c48503ee,9a002ca6-ee3c-4ebb-953f-c602fdb3ecbd,login_success,password,Desktop,"Mozilla/5.0 (Windows NT 10.0; Win64; x64) AppleWebKit/537.36 (KHTML, like Gecko) Chrome/140.0.0.0 Safari/537.36",172.31.118.2,,,Sun Sep 21 2025 20:39:49 GMT-0400 (Eastern Daylight Time)
00be4b3b-26e4-44bf-b07a-93cc1770432b,9a002ca6-ee3c-4ebb-953f-c602fdb3ecbd,login_success,password,Desktop,"Mozilla/5.0 (Windows NT 10.0; Win64; x64) AppleWebKit/537.36 (KHTML, like Gecko) Chrome/140.0.0.0 Safari/537.36",172.31.118.2,,,Mon Sep 22 2025 00:10:31 GMT-0400 (Eastern Daylight Time)
2c971b63-c0c1-4619-b624-0bfecec43d6f,9a002ca6-ee3c-4ebb-953f-c602fdb3ecbd,login_success,password,Desktop,"Mozilla/5.0 (Windows NT 10.0; Win64; x64) AppleWebKit/537.36 (KHTML, like Gecko) Chrome/140.0.0.0 Safari/537.36",100.64.0.2,,,Mon Sep 22 2025 00:45:01 GMT-0400 (Eastern Daylight Time)
8c3b8ba5-0b0e-4270-be1d-a4a1850db3e0,9a002ca6-ee3c-4ebb-953f-c602fdb3ecbd,login_success,password,Desktop,"Mozilla/5.0 (Windows NT 10.0; Win64; x64) AppleWebKit/537.36 (KHTML, like Gecko) Chrome/140.0.0.0 Safari/537.36",100.64.0.2,,,Mon Sep 22 2025 00:46:03 GMT-0400 (Eastern Daylight Time)
865b7173-d92a-42be-8910-722a06553ffb,9a002ca6-ee3c-4ebb-953f-c602fdb3ecbd,login_success,password,Desktop,"Mozilla/5.0 (Windows NT 10.0; Win64; x64) AppleWebKit/537.36 (KHTML, like Gecko) Chrome/140.0.0.0 Safari/537.36",100.64.0.2,,,Mon Sep 22 2025 00:51:57 GMT-0400 (Eastern Daylight Time)
d9bf6601-5ef7-4e2e-97b0-73661b8dd46a,9a002ca6-ee3c-4ebb-953f-c602fdb3ecbd,login_success,password,Desktop,"Mozilla/5.0 (Windows NT 10.0; Win64; x64) AppleWebKit/537.36 (KHTML, like Gecko) Chrome/140.0.0.0 Safari/537.36",100.64.0.2,,,Mon Sep 22 2025 01:08:05 GMT-0400 (Eastern Daylight Time)
ccc8494f-4469-4b54-b382-849ec0071a7b,9a002ca6-ee3c-4ebb-953f-c602fdb3ecbd,login_success,password,Desktop,"Mozilla/5.0 (Windows NT 10.0; Win64; x64) AppleWebKit/537.36 (KHTML, like Gecko) Chrome/140.0.0.0 Safari/537.36",100.64.0.2,,,Mon Sep 22 2025 01:28:22 GMT-0400 (Eastern Daylight Time)
74e6b137-61f0-4884-8ab8-122d8a2a9e55,9a002ca6-ee3c-4ebb-953f-c602fdb3ecbd,login_success,password,Desktop,"Mozilla/5.0 (Windows NT 10.0; Win64; x64) AppleWebKit/537.36 (KHTML, like Gecko) Chrome/140.0.0.0 Safari/537.36",100.64.0.2,,,Mon Sep 22 2025 01:30:27 GMT-0400 (Eastern Daylight Time)
003c515e-270f-49ce-b223-7fe7f955b45e,9a002ca6-ee3c-4ebb-953f-c602fdb3ecbd,login_success,password,Desktop,"Mozilla/5.0 (Windows NT 10.0; Win64; x64) AppleWebKit/537.36 (KHTML, like Gecko) Chrome/140.0.0.0 Safari/537.36",100.64.0.2,,,Mon Sep 22 2025 01:40:28 GMT-0400 (Eastern Daylight Time)
595174ed-2f70-434b-8573-559a77799386,9a002ca6-ee3c-4ebb-953f-c602fdb3ecbd,login_success,password,Desktop,"Mozilla/5.0 (Windows NT 10.0; Win64; x64) AppleWebKit/537.36 (KHTML, like Gecko) Chrome/140.0.0.0 Safari/537.36",100.64.0.4,,,Mon Sep 22 2025 02:05:37 GMT-0400 (Eastern Daylight Time)
1d27b4e9-ae6b-4ffb-b856-712697fc5b36,9a002ca6-ee3c-4ebb-953f-c602fdb3ecbd,login_success,password,Desktop,"Mozilla/5.0 (Windows NT 10.0; Win64; x64) AppleWebKit/537.36 (KHTML, like Gecko) Chrome/140.0.0.0 Safari/537.36",100.64.0.15,,,Mon Sep 22 2025 02:13:55 GMT-0400 (Eastern Daylight Time)
9bc7d7ff-d664-487e-a86c-719d781c8616,9a002ca6-ee3c-4ebb-953f-c602fdb3ecbd,login_failure,password,Desktop,"Mozilla/5.0 (Windows NT 10.0; Win64; x64) AppleWebKit/537.36 (KHTML, like Gecko) Chrome/140.0.0.0 Safari/537.36",100.64.0.13,,,Mon Sep 22 2025 02:18:47 GMT-0400 (Eastern Daylight Time)
3e9da124-bc38-4b92-afe2-21dc53073b90,9a002ca6-ee3c-4ebb-953f-c602fdb3ecbd,login_failure,password,Desktop,"Mozilla/5.0 (Windows NT 10.0; Win64; x64) AppleWebKit/537.36 (KHTML, like Gecko) Chrome/140.0.0.0 Safari/537.36",100.64.0.13,,,Mon Sep 22 2025 02:19:02 GMT-0400 (Eastern Daylight Time)
a42ac5aa-b24c-41e7-9258-14dd4c683a9c,9a002ca6-ee3c-4ebb-953f-c602fdb3ecbd,login_success,password,Desktop,"Mozilla/5.0 (Windows NT 10.0; Win64; x64) AppleWebKit/537.36 (KHTML, like Gecko) Chrome/140.0.0.0 Safari/537.36",100.64.0.15,,,Mon Sep 22 2025 02:19:21 GMT-0400 (Eastern Daylight Time)
49c444dd-1f59-41f0-8b1b-f51adc00355a,9a002ca6-ee3c-4ebb-953f-c602fdb3ecbd,login_failure,password,Desktop,"Mozilla/5.0 (Windows NT 10.0; Win64; x64) AppleWebKit/537.36 (KHTML, like Gecko) Chrome/140.0.0.0 Safari/537.36",100.64.0.13,,,Mon Sep 22 2025 02:19:26 GMT-0400 (Eastern Daylight Time)
91417033-df58-4de7-8862-65a17388bd87,9a002ca6-ee3c-4ebb-953f-c602fdb3ecbd,login_failure,password,Desktop,"Mozilla/5.0 (Windows NT 10.0; Win64; x64) AppleWebKit/537.36 (KHTML, like Gecko) Chrome/140.0.0.0 Safari/537.36",100.64.0.13,,,Mon Sep 22 2025 02:19:38 GMT-0400 (Eastern Daylight Time)
1a8c1862-4239-4e6f-82ac-2d6c5b5f75ed,9a002ca6-ee3c-4ebb-953f-c602fdb3ecbd,login_failure,password,Desktop,"Mozilla/5.0 (Windows NT 10.0; Win64; x64) AppleWebKit/537.36 (KHTML, like Gecko) Chrome/140.0.0.0 Safari/537.36",100.64.0.13,,,Mon Sep 22 2025 02:20:27 GMT-0400 (Eastern Daylight Time)
bfca2636-2d24-4a72-a2be-e52a30d04ffd,9a002ca6-ee3c-4ebb-953f-c602fdb3ecbd,login_success,password,Desktop,"Mozilla/5.0 (Windows NT 10.0; Win64; x64) AppleWebKit/537.36 (KHTML, like Gecko) Chrome/140.0.0.0 Safari/537.36",100.64.0.13,,,Mon Sep 22 2025 02:20:35 GMT-0400 (Eastern Daylight Time)
f11fbf3b-b374-4124-abc1-2b7162e8371f,9a002ca6-ee3c-4ebb-953f-c602fdb3ecbd,login_failure,password,Desktop,"Mozilla/5.0 (Windows NT 10.0; Win64; x64) AppleWebKit/537.36 (KHTML, like Gecko) Chrome/140.0.0.0 Safari/537.36",100.64.0.3,,,Mon Sep 22 2025 02:31:48 GMT-0400 (Eastern Daylight Time)
0ca06ccb-a728-4eda-ba36-948af0b151b4,9a002ca6-ee3c-4ebb-953f-c602fdb3ecbd,login_success,password,Desktop,"Mozilla/5.0 (Windows NT 10.0; Win64; x64) AppleWebKit/537.36 (KHTML, like Gecko) Chrome/140.0.0.0 Safari/537.36",100.64.0.3,,,Mon Sep 22 2025 02:31:52 GMT-0400 (Eastern Daylight Time)
908b375d-8a57-4288-ab07-7fdc57a8e814,9a002ca6-ee3c-4ebb-953f-c602fdb3ecbd,login_failure,password,Desktop,"Mozilla/5.0 (Windows NT 10.0; Win64; x64) AppleWebKit/537.36 (KHTML, like Gecko) Chrome/140.0.0.0 Safari/537.36",100.64.0.4,,,Mon Sep 22 2025 03:04:24 GMT-0400 (Eastern Daylight Time)
29b78049-2ba1-4690-a32d-6b0dbc802f4f,9a002ca6-ee3c-4ebb-953f-c602fdb3ecbd,login_success,password,Desktop,"Mozilla/5.0 (Windows NT 10.0; Win64; x64) AppleWebKit/537.36 (KHTML, like Gecko) Chrome/140.0.0.0 Safari/537.36",100.64.0.4,,,Mon Sep 22 2025 03:04:28 GMT-0400 (Eastern Daylight Time)
133329f0-6e4f-4068-830a-e8c3aba8b233,9a002ca6-ee3c-4ebb-953f-c602fdb3ecbd,login_success,password,Desktop,"Mozilla/5.0 (Windows NT 10.0; Win64; x64) AppleWebKit/537.36 (KHTML, like Gecko) Chrome/140.0.0.0 Safari/537.36",100.64.0.2,,,Mon Sep 22 2025 03:13:30 GMT-0400 (Eastern Daylight Time)
934774af-a373-4399-b854-0c33b1a21bcb,9a002ca6-ee3c-4ebb-953f-c602fdb3ecbd,login_failure,password,Desktop,"Mozilla/5.0 (Windows NT 10.0; Win64; x64) AppleWebKit/537.36 (KHTML, like Gecko) Chrome/140.0.0.0 Safari/537.36",100.64.0.8,,,Mon Sep 22 2025 03:34:31 GMT-0400 (Eastern Daylight Time)
0368900e-cd0d-4a34-9831-74b359d15c82,9a002ca6-ee3c-4ebb-953f-c602fdb3ecbd,login_success,password,Desktop,"Mozilla/5.0 (Windows NT 10.0; Win64; x64) AppleWebKit/537.36 (KHTML, like Gecko) Chrome/140.0.0.0 Safari/537.36",100.64.0.8,,,Mon Sep 22 2025 03:34:33 GMT-0400 (Eastern Daylight Time)
7f75a77a-e5d0-4aa0-a452-c2ee622d98b3,9a002ca6-ee3c-4ebb-953f-c602fdb3ecbd,login_success,password,Desktop,"Mozilla/5.0 (Windows NT 10.0; Win64; x64) AppleWebKit/537.36 (KHTML, like Gecko) Chrome/140.0.0.0 Safari/537.36",100.64.0.2,,,Mon Sep 22 2025 03:40:40 GMT-0400 (Eastern Daylight Time)
a1a6aa36-4648-403a-80e6-1190429cea1c,9a002ca6-ee3c-4ebb-953f-c602fdb3ecbd,login_success,password,Desktop,"Mozilla/5.0 (Windows NT 10.0; Win64; x64) AppleWebKit/537.36 (KHTML, like Gecko) Chrome/140.0.0.0 Safari/537.36",100.64.0.2,,,Mon Sep 22 2025 09:50:17 GMT-0400 (Eastern Daylight Time)